/*
Navicat Oracle Data Transfer
Oracle Client Version : 11.2.0.2.0

Source Server         : localhost_orcl_runixoa
Source Server Version : 100200
Source Host           : localhost:1521
Source Schema         : RUNIXOA

Target Server Type    : ORACLE
Target Server Version : 100200
File Encoding         : 65001

Date: 2017-09-05 16:36:07
*/


-- ----------------------------
-- Table structure for "RUNIXOA"."ADDRESSBOOK"
-- ----------------------------
DROP TABLE "RUNIXOA"."ADDRESSBOOK";
CREATE TABLE "RUNIXOA"."ADDRESSBOOK" (
"ADDRBOOK_ID" VARCHAR2(50 BYTE) NOT NULL ,
"ADDRTYPE" VARCHAR2(50 BYTE) NULL ,
"GROUPTYPE" VARCHAR2(50 BYTE) NULL ,
"NAME" VARCHAR2(50 BYTE) NULL ,
"ENNAME" VARCHAR2(50 BYTE) NULL ,
"BIRTHDATE" DATE NULL ,
"SEX" VARCHAR2(2 BYTE) NULL ,
"COMPANY" VARCHAR2(50 BYTE) NULL ,
"DEPT" VARCHAR2(50 BYTE) NULL ,
"OFFICETEL" VARCHAR2(20 BYTE) NULL ,
"POSITION" VARCHAR2(50 BYTE) NULL ,
"MOBILEPHONE" VARCHAR2(20 BYTE) NULL ,
"HOMEPHONE" VARCHAR2(20 BYTE) NULL ,
"EMAIL" VARCHAR2(50 BYTE) NULL ,
"FAX" VARCHAR2(20 BYTE) NULL ,
"ADDRESS" VARCHAR2(100 BYTE) NULL ,
"POSTCODE" VARCHAR2(6 BYTE) NULL ,
"OTHERCONTACT" VARCHAR2(100 BYTE) NULL ,
"CONTACTRECORD" VARCHAR2(200 BYTE) NULL ,
"REMARK" VARCHAR2(200 BYTE) NULL ,
"FLAG" VARCHAR2(2 BYTE) NULL 
)
LOGGING
NOCOMPRESS
NOCACHE

;

-- ----------------------------
-- Records of ADDRESSBOOK
-- ----------------------------
INSERT INTO "RUNIXOA"."ADDRESSBOOK" VALUES ('14201', '13302', '0', 'bh', 'bc', TO_DATE('2014-04-08 00:00:00', 'YYYY-MM-DD HH24:MI:SS'), '0', 'bvc', 'bvc', '12321313', null, '1333333333333', '32313131313', null, null, null, null, null, null, null, '1');
INSERT INTO "RUNIXOA"."ADDRESSBOOK" VALUES ('14601', '13302', '0', '殷', 'yin', TO_DATE('2014-12-08 00:00:00', 'YYYY-MM-DD HH24:MI:SS'), '0', '灌灌灌灌', '宝贝宝贝', '85777718', null, '15895881857', '85777718', '222', null, '22', null, '22', '22', '222', '1');
INSERT INTO "RUNIXOA"."ADDRESSBOOK" VALUES ('13303', '13301', '0', '孟理', 'Mengli', TO_DATE('1990-05-03 00:00:00', 'YYYY-MM-DD HH24:MI:SS'), '0', '南京润内克西科技有限公司', '研发部', '02585777718', null, '15896458282', '051888888888', null, null, null, null, null, null, null, '1');

-- ----------------------------
-- Table structure for "RUNIXOA"."ANSWER"
-- ----------------------------
DROP TABLE "RUNIXOA"."ANSWER";
CREATE TABLE "RUNIXOA"."ANSWER" (
"ANSWER_ID" VARCHAR2(50 BYTE) NOT NULL ,
"SORTNUM" VARCHAR2(2 BYTE) NULL ,
"CONTENT" VARCHAR2(100 BYTE) NULL ,
"USERVOTENUM" VARCHAR2(10 BYTE) NULL ,
"SURVEY_ID" VARCHAR2(50 BYTE) NULL ,
"FLAG" VARCHAR2(2 BYTE) NULL ,
"VOTEPEOPLES" VARCHAR2(2000 BYTE) NULL 
)
LOGGING
NOCOMPRESS
NOCACHE

;

-- ----------------------------
-- Records of ANSWER
-- ----------------------------
INSERT INTO "RUNIXOA"."ANSWER" VALUES ('14207', '1', 'aaa', '0', '14206', null, null);
INSERT INTO "RUNIXOA"."ANSWER" VALUES ('14203', '1', 'gfdgfdg', '0', null, null, null);
INSERT INTO "RUNIXOA"."ANSWER" VALUES ('14208', '2', 'aaa', '0', '14206', null, null);
INSERT INTO "RUNIXOA"."ANSWER" VALUES ('14204', '2', 'fgdgfddfg', '0', null, null, null);
INSERT INTO "RUNIXOA"."ANSWER" VALUES ('14053', '2', '上班从不迟到早退！', '0', '14051', null, null);
INSERT INTO "RUNIXOA"."ANSWER" VALUES ('14205', '3', 'gfdgdfgfd', '0', null, null, null);
INSERT INTO "RUNIXOA"."ANSWER" VALUES ('14052', '1', '工作认真负责！', '1', '14051', null, '孟理');

-- ----------------------------
-- Table structure for "RUNIXOA"."APPLY"
-- ----------------------------
DROP TABLE "RUNIXOA"."APPLY";
CREATE TABLE "RUNIXOA"."APPLY" (
"APPLICATION_ID" VARCHAR2(50 BYTE) NOT NULL ,
"WORKFLOW_ID" VARCHAR2(50 BYTE) NULL ,
"TYPE" VARCHAR2(50 BYTE) NULL ,
"SECRET" VARCHAR2(50 BYTE) NULL ,
"URGENCY" VARCHAR2(50 BYTE) NULL ,
"TITLE" VARCHAR2(100 BYTE) NULL ,
"MONEY" VARCHAR2(50 BYTE) NULL ,
"APPLICANT" VARCHAR2(50 BYTE) NULL ,
"DEPARTMENT" VARCHAR2(50 BYTE) NULL ,
"STATUS" VARCHAR2(2 BYTE) NULL ,
"OPINION" VARCHAR2(200 BYTE) NULL ,
"FLAG" VARCHAR2(2 BYTE) NULL ,
"CHECKSTATUS" VARCHAR2(2 BYTE) NULL ,
"ISSUEDATE" DATE NULL ,
"ATTACHPATH" VARCHAR2(3000 BYTE) NULL ,
"ATTACHNAME" VARCHAR2(3000 BYTE) NULL ,
"CONTENT" CLOB NULL 
)
LOGGING
NOCOMPRESS
NOCACHE

;

-- ----------------------------
-- Records of APPLY
-- ----------------------------
INSERT INTO "RUNIXOA"."APPLY" VALUES ('14251', 'APPLY', '14054', '14056', '14057', 'fhgdfxh', '342', '13113', '3453', '0', null, null, null, TO_DATE('2014-04-02 15:01:50', 'YYYY-MM-DD HH24:MI:SS'), null, null, HexToRaw('6866646866646800'));
INSERT INTO "RUNIXOA"."APPLY" VALUES ('14060', 'APPLY', '14054', '14055', '14057', '假期调休', '100', '13251', '13051', '1', null, null, '3', TO_DATE('2014-04-02 15:13:45', 'YYYY-MM-DD HH24:MI:SS'), null, null, null);

-- ----------------------------
-- Table structure for "RUNIXOA"."ARCHIVE"
-- ----------------------------
DROP TABLE "RUNIXOA"."ARCHIVE";
CREATE TABLE "RUNIXOA"."ARCHIVE" (
"ARCHIVE_ID" VARCHAR2(50 BYTE) NOT NULL ,
"AUTHOR" VARCHAR2(50 BYTE) NULL ,
"FILETYPE" VARCHAR2(50 BYTE) NULL ,
"CREATEDATE" DATE NULL ,
"FILLINGDATE" DATE NULL ,
"PARTNUM" VARCHAR2(50 BYTE) NULL ,
"ANNUAL" VARCHAR2(50 BYTE) NULL ,
"FILESIZE" VARCHAR2(50 BYTE) NULL ,
"PAGENUM" VARCHAR2(50 BYTE) NULL ,
"ARCHIVEROOM" VARCHAR2(50 BYTE) NULL ,
"DOSSIER_ID" VARCHAR2(50 BYTE) NULL ,
"ARCHIVETYPE" VARCHAR2(50 BYTE) NULL ,
"TITLE" VARCHAR2(50 BYTE) NULL ,
"REMARK" VARCHAR2(500 BYTE) NULL ,
"CONTENT" CLOB NULL ,
"FLAG" VARCHAR2(2 BYTE) NULL ,
"FILLINGSTATUS" VARCHAR2(2 BYTE) NULL ,
"SECRET" VARCHAR2(50 BYTE) NULL 
)
LOGGING
NOCOMPRESS
NOCACHE

;

-- ----------------------------
-- Records of ARCHIVE
-- ----------------------------
INSERT INTO "RUNIXOA"."ARCHIVE" VALUES ('14259', '管理员', '1', TO_DATE('2014-04-02 15:29:48', 'YYYY-MM-DD HH24:MI:SS'), null, 'dg', '2013', 'gf', '32', null, '14258', null, 'gvfd', 'gds', null, null, '0', '14056');

-- ----------------------------
-- Table structure for "RUNIXOA"."ATTENDANCE"
-- ----------------------------
DROP TABLE "RUNIXOA"."ATTENDANCE";
CREATE TABLE "RUNIXOA"."ATTENDANCE" (
"ATTEND_ID" VARCHAR2(50 BYTE) NOT NULL ,
"NAME" VARCHAR2(50 BYTE) NULL ,
"DEPT" VARCHAR2(50 BYTE) NULL ,
"SIGNINSTATUS" VARCHAR2(2 BYTE) NULL ,
"LATESTATUS" VARCHAR2(2 BYTE) NULL ,
"LEAVESTATUS" VARCHAR2(2 BYTE) NULL ,
"VACATIONSTATUS" VARCHAR2(2 BYTE) NULL ,
"GOOUTSTATUS" VARCHAR2(2 BYTE) NULL ,
"BIZTRIPSTATUS" VARCHAR2(2 BYTE) NULL ,
"ABSENTSTATUS" VARCHAR2(2 BYTE) NULL ,
"TRAVELSTATUS" VARCHAR2(2 BYTE) NULL ,
"ATTENDDATE" DATE NULL ,
"SIGNINTIME" VARCHAR2(50 BYTE) NULL ,
"SIGNOUTTIME" VARCHAR2(50 BYTE) NULL ,
"FLAG" VARCHAR2(2 BYTE) NULL 
)
LOGGING
NOCOMPRESS
NOCACHE

;

-- ----------------------------
-- Records of ATTENDANCE
-- ----------------------------
INSERT INTO "RUNIXOA"."ATTENDANCE" VALUES ('14551', '13251', '13051', '0', '0', '0', '0', '0', '0', '1', '0', TO_DATE('2014-12-02 00:00:00', 'YYYY-MM-DD HH24:MI:SS'), null, null, null);
INSERT INTO "RUNIXOA"."ATTENDANCE" VALUES ('14801', '13251', '13051', '0', '0', '0', '0', '0', '0', '1', '0', TO_DATE('2014-12-24 00:00:00', 'YYYY-MM-DD HH24:MI:SS'), null, null, null);
INSERT INTO "RUNIXOA"."ATTENDANCE" VALUES ('14802', '13113', '3453', '1', '0', '0', '0', '0', '0', '1', '0', TO_DATE('2014-12-24 00:00:00', 'YYYY-MM-DD HH24:MI:SS'), '11:50', '11:51', null);
INSERT INTO "RUNIXOA"."ATTENDANCE" VALUES ('12955', '10310', '6855', '0', '0', '0', '0', '0', '0', '1', '0', TO_DATE('2014-02-28 00:00:00', 'YYYY-MM-DD HH24:MI:SS'), null, null, null);
INSERT INTO "RUNIXOA"."ATTENDANCE" VALUES ('13551', '13251', '13051', '0', '0', '0', '0', '0', '0', '1', '0', TO_DATE('2014-03-03 00:00:00', 'YYYY-MM-DD HH24:MI:SS'), null, null, null);
INSERT INTO "RUNIXOA"."ATTENDANCE" VALUES ('14255', '13251', '13051', '0', '0', '0', '0', '0', '0', '1', '0', TO_DATE('2014-04-02 00:00:00', 'YYYY-MM-DD HH24:MI:SS'), null, null, null);
INSERT INTO "RUNIXOA"."ATTENDANCE" VALUES ('14501', '13251', '13051', '0', '0', '0', '0', '0', '0', '1', '0', TO_DATE('2014-11-03 00:00:00', 'YYYY-MM-DD HH24:MI:SS'), null, null, null);
INSERT INTO "RUNIXOA"."ATTENDANCE" VALUES ('12953', '6904', '6855', '0', '0', '0', '0', '0', '0', '1', '0', TO_DATE('2014-02-28 00:00:00', 'YYYY-MM-DD HH24:MI:SS'), null, null, null);
INSERT INTO "RUNIXOA"."ATTENDANCE" VALUES ('14101', '13251', '13051', '0', '0', '0', '0', '0', '0', '1', '0', TO_DATE('2014-03-17 00:00:00', 'YYYY-MM-DD HH24:MI:SS'), null, null, null);
INSERT INTO "RUNIXOA"."ATTENDANCE" VALUES ('13552', '13113', '3453', '1', '0', '0', '0', '0', '0', '1', '0', TO_DATE('2014-03-03 00:00:00', 'YYYY-MM-DD HH24:MI:SS'), '13:19', null, null);
INSERT INTO "RUNIXOA"."ATTENDANCE" VALUES ('14256', '13113', '3453', '1', '0', '0', '0', '0', '0', '1', '0', TO_DATE('2014-04-02 00:00:00', 'YYYY-MM-DD HH24:MI:SS'), '15:26', '15:26', null);
INSERT INTO "RUNIXOA"."ATTENDANCE" VALUES ('14402', '13113', '3453', '1', '0', '0', '0', '0', '0', '1', '0', TO_DATE('2014-07-24 00:00:00', 'YYYY-MM-DD HH24:MI:SS'), '12:05', null, null);
INSERT INTO "RUNIXOA"."ATTENDANCE" VALUES ('12951', '12463', '6855', '0', '0', '0', '0', '0', '0', '1', '0', TO_DATE('2014-02-28 00:00:00', 'YYYY-MM-DD HH24:MI:SS'), null, null, null);
INSERT INTO "RUNIXOA"."ATTENDANCE" VALUES ('12956', '6907', '6856', '0', '0', '0', '0', '0', '0', '1', '0', TO_DATE('2014-02-28 00:00:00', 'YYYY-MM-DD HH24:MI:SS'), null, null, null);
INSERT INTO "RUNIXOA"."ATTENDANCE" VALUES ('14502', '13113', '3453', '1', '0', '0', '0', '0', '0', '1', '0', TO_DATE('2014-11-03 00:00:00', 'YYYY-MM-DD HH24:MI:SS'), '18:20', null, null);
INSERT INTO "RUNIXOA"."ATTENDANCE" VALUES ('14552', '13113', '3453', '1', '0', '0', '0', '0', '0', '1', '0', TO_DATE('2014-12-02 00:00:00', 'YYYY-MM-DD HH24:MI:SS'), '14:10', '15:51', null);
INSERT INTO "RUNIXOA"."ATTENDANCE" VALUES ('12954', '7260', '6855', '0', '0', '0', '0', '0', '0', '1', '0', TO_DATE('2014-02-28 00:00:00', 'YYYY-MM-DD HH24:MI:SS'), null, null, null);
INSERT INTO "RUNIXOA"."ATTENDANCE" VALUES ('14102', '13113', '3453', '1', '0', '0', '0', '0', '0', '1', '0', TO_DATE('2014-03-17 00:00:00', 'YYYY-MM-DD HH24:MI:SS'), '16:18', null, null);
INSERT INTO "RUNIXOA"."ATTENDANCE" VALUES ('14401', '13251', '13051', '0', '0', '0', '0', '0', '0', '1', '0', TO_DATE('2014-07-24 00:00:00', 'YYYY-MM-DD HH24:MI:SS'), null, null, null);
INSERT INTO "RUNIXOA"."ATTENDANCE" VALUES ('12952', '4055', '3453', '1', '0', '0', '0', '0', '0', '1', '0', TO_DATE('2014-02-28 00:00:00', 'YYYY-MM-DD HH24:MI:SS'), '09:19', null, null);
INSERT INTO "RUNIXOA"."ATTENDANCE" VALUES ('12957', '12454', '6856', '0', '0', '0', '0', '0', '0', '1', '0', TO_DATE('2014-02-28 00:00:00', 'YYYY-MM-DD HH24:MI:SS'), null, null, null);

-- ----------------------------
-- Table structure for "RUNIXOA"."BASE_DATA"
-- ----------------------------
DROP TABLE "RUNIXOA"."BASE_DATA";
CREATE TABLE "RUNIXOA"."BASE_DATA" (
"DATA_ID" VARCHAR2(50 BYTE) NOT NULL ,
"DATATYPE" VARCHAR2(50 BYTE) NULL ,
"DATANAME" VARCHAR2(50 BYTE) NULL ,
"DATACODE" VARCHAR2(30 BYTE) NULL ,
"SORTNUM" VARCHAR2(8 BYTE) NULL ,
"REMARK" VARCHAR2(100 BYTE) NULL ,
"FLAG" VARCHAR2(2 BYTE) NULL 
)
LOGGING
NOCOMPRESS
NOCACHE

;

-- ----------------------------
-- Records of BASE_DATA
-- ----------------------------
INSERT INTO "RUNIXOA"."BASE_DATA" VALUES ('14056', 'SECRET', '不公开', 'bugongkai', null, null, null);
INSERT INTO "RUNIXOA"."BASE_DATA" VALUES ('14057', 'URGENT', '非常紧急', 'fast', null, null, null);
INSERT INTO "RUNIXOA"."BASE_DATA" VALUES ('13502', 'REIMBURSE', '住宿报销', 'zhusu', null, null, null);
INSERT INTO "RUNIXOA"."BASE_DATA" VALUES ('14054', 'APPLY', '假期调休', 'jiaqi', null, null, null);
INSERT INTO "RUNIXOA"."BASE_DATA" VALUES ('oa021', 'TYPE_CODE', '档案文种', 'LANGUAGE', '21', null, null);
INSERT INTO "RUNIXOA"."BASE_DATA" VALUES ('13951', 'STORAGE', '固定资产', 'guding', null, null, null);
INSERT INTO "RUNIXOA"."BASE_DATA" VALUES ('14059', 'URGENT', '普通', 'putong', null, null, null);
INSERT INTO "RUNIXOA"."BASE_DATA" VALUES ('oa020', 'TYPE_CODE', '合同类型', 'CONTRACT', '20', null, '1');
INSERT INTO "RUNIXOA"."BASE_DATA" VALUES ('13102', 'NOTICE', '内部通知', 'message', null, null, null);
INSERT INTO "RUNIXOA"."BASE_DATA" VALUES ('13801', 'SUGGEST', '个人建议', 'geren', null, null, null);
INSERT INTO "RUNIXOA"."BASE_DATA" VALUES ('oa023', 'TYPE_CODE', '休假类型', 'VACATION', '23', null, null);
INSERT INTO "RUNIXOA"."BASE_DATA" VALUES ('oa001', 'TYPE_CODE', '发文类型', 'SENDFILE', '1', null, '1');
INSERT INTO "RUNIXOA"."BASE_DATA" VALUES ('oa005', 'TYPE_CODE', '发文字号', 'WORDNUM', '5', null, '1');
INSERT INTO "RUNIXOA"."BASE_DATA" VALUES ('oa004', 'TYPE_CODE', '紧急程度', 'URGENT', '4', null, '1');
INSERT INTO "RUNIXOA"."BASE_DATA" VALUES ('oa003', 'TYPE_CODE', '秘密等级', 'SECRET', '3', null, '1');
INSERT INTO "RUNIXOA"."BASE_DATA" VALUES ('oa002', 'TYPE_CODE', '收文类型', 'RECEIVEFILE', '2', null, '1');
INSERT INTO "RUNIXOA"."BASE_DATA" VALUES ('oa011', 'TYPE_CODE', '通知类型', 'NOTICE', '11', null, '1');
INSERT INTO "RUNIXOA"."BASE_DATA" VALUES ('oa010', 'TYPE_CODE', '新闻类型', 'NEWS', '10', null, '1');
INSERT INTO "RUNIXOA"."BASE_DATA" VALUES ('oa009', 'TYPE_CODE', '保存期限', 'LIMIT', '9', null, '1');
INSERT INTO "RUNIXOA"."BASE_DATA" VALUES ('oa008', 'TYPE_CODE', '档案类型', 'ARCHIVE', '8', null, '1');
INSERT INTO "RUNIXOA"."BASE_DATA" VALUES ('oa007', 'TYPE_CODE', '档案室', 'FILEROOM', '7', null, '1');
INSERT INTO "RUNIXOA"."BASE_DATA" VALUES ('oa006', 'TYPE_CODE', '建议类型', 'SUGGEST', '6', null, '1');
INSERT INTO "RUNIXOA"."BASE_DATA" VALUES ('oa018', 'TYPE_CODE', '通讯录类型', 'ADDRESS', '18', null, '1');
INSERT INTO "RUNIXOA"."BASE_DATA" VALUES ('oa017', 'TYPE_CODE', '报销归属类型', 'REIM_BELONG', '17', null, '1');
INSERT INTO "RUNIXOA"."BASE_DATA" VALUES ('oa016', 'TYPE_CODE', '报销类型', 'REIMBURSE', '16', null, '1');
INSERT INTO "RUNIXOA"."BASE_DATA" VALUES ('oa015', 'TYPE_CODE', '仓库类型', 'STORAGE', '15', null, '1');
INSERT INTO "RUNIXOA"."BASE_DATA" VALUES ('oa014', 'TYPE_CODE', '用品类型', 'EQUIPMENT', '14', null, '1');
INSERT INTO "RUNIXOA"."BASE_DATA" VALUES ('oa013', 'TYPE_CODE', '请示类型', 'APPLY', '13', null, '1');
INSERT INTO "RUNIXOA"."BASE_DATA" VALUES ('oa012', 'TYPE_CODE', '规章类型', 'RULES', '12', null, '1');
INSERT INTO "RUNIXOA"."BASE_DATA" VALUES ('oa022', 'TYPE_CODE', '离职类型', 'DIMTYPE', '22', null, '1');
INSERT INTO "RUNIXOA"."BASE_DATA" VALUES ('13553', 'RULES', '考勤制度', 'kaoqin', null, null, null);
INSERT INTO "RUNIXOA"."BASE_DATA" VALUES ('oa024', 'TYPE_CODE', '交通工具', 'TRAFFIC', '24', null, null);
INSERT INTO "RUNIXOA"."BASE_DATA" VALUES ('14257', 'FILEROOM', 'fds', 'fds', null, null, null);
INSERT INTO "RUNIXOA"."BASE_DATA" VALUES ('13901', 'EQUIPMENT', '文具用品', 'wenju', null, null, null);
INSERT INTO "RUNIXOA"."BASE_DATA" VALUES ('14055', 'SECRET', '公开', 'gongkai', null, null, null);
INSERT INTO "RUNIXOA"."BASE_DATA" VALUES ('13153', 'CONTRACT', '销售合同', 'xs', null, null, null);
INSERT INTO "RUNIXOA"."BASE_DATA" VALUES ('13302', 'ADDRESS', '客户通讯录', 'kehu', null, null, null);
INSERT INTO "RUNIXOA"."BASE_DATA" VALUES ('13501', 'REIMBURSE', '交通报销', 'jiaotong', null, null, null);
INSERT INTO "RUNIXOA"."BASE_DATA" VALUES ('oa019', 'TYPE_CODE', '通讯录组别', 'ADDRGROUP', '19', null, '1');
INSERT INTO "RUNIXOA"."BASE_DATA" VALUES ('14058', 'URGENT', '一般紧急', 'example', null, null, null);
INSERT INTO "RUNIXOA"."BASE_DATA" VALUES ('14955', 'TRAFFIC', '高铁', 'gaotian', null, null, null);
INSERT INTO "RUNIXOA"."BASE_DATA" VALUES ('13101', 'NEWS', '公司新闻', 'news', '1', null, null);
INSERT INTO "RUNIXOA"."BASE_DATA" VALUES ('13301', 'ADDRESS', '公司通讯录', 'gongsi', null, null, null);

-- ----------------------------
-- Table structure for "RUNIXOA"."BASE_USER"
-- ----------------------------
DROP TABLE "RUNIXOA"."BASE_USER";
CREATE TABLE "RUNIXOA"."BASE_USER" (
"USER_ID" VARCHAR2(50 BYTE) NOT NULL ,
"USERNAME" VARCHAR2(50 BYTE) NULL ,
"PASSWORD" VARCHAR2(50 BYTE) NULL ,
"NAME" VARCHAR2(50 BYTE) NULL ,
"SEX" VARCHAR2(2 BYTE) NULL ,
"ORG" VARCHAR2(50 BYTE) NULL ,
"DEPT_ID" VARCHAR2(50 BYTE) NULL ,
"POSITION_ID" VARCHAR2(50 BYTE) NULL ,
"STATE" VARCHAR2(2 BYTE) NULL ,
"BIRTHDATE" DATE NULL ,
"AGE" VARCHAR2(2 BYTE) NULL ,
"EMAIL" VARCHAR2(50 BYTE) NULL ,
"PHONE" VARCHAR2(20 BYTE) NULL ,
"ADDRESS" VARCHAR2(100 BYTE) NULL ,
"FLAG" VARCHAR2(2 BYTE) NULL 
)
LOGGING
NOCOMPRESS
NOCACHE

;

-- ----------------------------
-- Records of BASE_USER
-- ----------------------------
INSERT INTO "RUNIXOA"."BASE_USER" VALUES ('13251', 'mengli', 'e10adc3949ba59abbe56e057f20f883e', '孟理', '1', '润内克西信息科技有限公司', '13051', '13053', '1', TO_DATE('1990-05-03 00:00:00', 'YYYY-MM-DD HH24:MI:SS'), '25', '616088877@qq.com', '15896458282', null, '0');
INSERT INTO "RUNIXOA"."BASE_USER" VALUES ('13113', 'admin', '96e79218965eb72c92a549dd5a330112', '管理员', '1', '润内克西信息科技有限公司', '3453', '3451', '1', null, null, 'yintyuubin@hotmail.com', '13800138000', null, '0');

-- ----------------------------
-- Table structure for "RUNIXOA"."CAR"
-- ----------------------------
DROP TABLE "RUNIXOA"."CAR";
CREATE TABLE "RUNIXOA"."CAR" (
"CAR_ID" VARCHAR2(50 BYTE) NOT NULL ,
"CARTYPE" VARCHAR2(50 BYTE) NULL ,
"CAPACITY" VARCHAR2(50 BYTE) NULL ,
"LICENSE" VARCHAR2(50 BYTE) NULL ,
"PASSENGERNUM" VARCHAR2(10 BYTE) NULL ,
"CHECKTIME" DATE NULL ,
"INSURETIME" DATE NULL ,
"BUYTIME" DATE NULL ,
"DRIVENKM" VARCHAR2(10 BYTE) NULL ,
"DRIVER" VARCHAR2(50 BYTE) NULL ,
"USABLE" VARCHAR2(2 BYTE) NULL ,
"DESCRIPTION" VARCHAR2(500 BYTE) NULL ,
"PHOTONAME" VARCHAR2(50 BYTE) NULL ,
"PHOTOPATH" VARCHAR2(100 BYTE) NULL ,
"FLAG" VARCHAR2(2 BYTE) NULL ,
"ATTACHPATH" VARCHAR2(3000 BYTE) NULL ,
"ATTACHNAME" VARCHAR2(3000 BYTE) NULL 
)
LOGGING
NOCOMPRESS
NOCACHE

;

-- ----------------------------
-- Records of CAR
-- ----------------------------
INSERT INTO "RUNIXOA"."CAR" VALUES ('14001', '奥体Q7', '3.0L', '苏G88888', '7', TO_DATE('2014-03-01 00:00:00', 'YYYY-MM-DD HH24:MI:SS'), TO_DATE('2014-03-01 00:00:00', 'YYYY-MM-DD HH24:MI:SS'), TO_DATE('2014-03-01 00:00:00', 'YYYY-MM-DD HH24:MI:SS'), '200', '孟理', '1', null, null, null, null, null, null);

-- ----------------------------
-- Table structure for "RUNIXOA"."CONTRACT"
-- ----------------------------
DROP TABLE "RUNIXOA"."CONTRACT";
CREATE TABLE "RUNIXOA"."CONTRACT" (
"CONTRACT_ID" VARCHAR2(50 BYTE) NOT NULL ,
"SIGNEDPERSON" VARCHAR2(50 BYTE) NULL ,
"DEPARTMENT" VARCHAR2(50 BYTE) NULL ,
"CONTRACTTYPE" VARCHAR2(50 BYTE) NULL ,
"STATUS" VARCHAR2(2 BYTE) NULL ,
"CUSTOMECOMPANY" VARCHAR2(50 BYTE) NULL ,
"CONTACT" VARCHAR2(50 BYTE) NULL ,
"CONTACTTEL" VARCHAR2(20 BYTE) NULL ,
"SIGNEDDATE" DATE NULL ,
"ENDDATE" DATE NULL ,
"DETAILS" CLOB NULL ,
"FLAG" VARCHAR2(2 BYTE) NULL 
)
LOGGING
NOCOMPRESS
NOCACHE

;

-- ----------------------------
-- Records of CONTRACT
-- ----------------------------
INSERT INTO "RUNIXOA"."CONTRACT" VALUES ('13154', '13113', '13052', '13153', '2', '南京润内克西科技有限公司', '管理员', '13800138000', TO_DATE('2014-02-01 16:55:35', 'YYYY-MM-DD HH24:MI:SS'), TO_DATE('2014-03-01 16:55:36', 'YYYY-MM-DD HH24:MI:SS'), HexToRaw('3C703E0D0A09E794B2E696B9EFBC9A0D0A3C2F703E0D0A3C703E0D0A09E4B999E696B9EFBC9A0D0A3C2F703E00'), null);

-- ----------------------------
-- Table structure for "RUNIXOA"."DEPT"
-- ----------------------------
DROP TABLE "RUNIXOA"."DEPT";
CREATE TABLE "RUNIXOA"."DEPT" (
"DEPT_ID" VARCHAR2(50 BYTE) NOT NULL ,
"DEPTNAME" VARCHAR2(50 BYTE) NULL ,
"PHONE" VARCHAR2(20 BYTE) NULL ,
"DESCRIPTION" VARCHAR2(200 BYTE) NULL ,
"PARENTID" VARCHAR2(50 BYTE) NULL ,
"FLAG" VARCHAR2(2 BYTE) NULL 
)
LOGGING
NOCOMPRESS
NOCACHE

;

-- ----------------------------
-- Records of DEPT
-- ----------------------------
INSERT INTO "RUNIXOA"."DEPT" VALUES ('13052', '人事部', '02585777718', null, '润内克西信息科技有限公司', null);
INSERT INTO "RUNIXOA"."DEPT" VALUES ('13756', '财务部', '02585777718', null, '润内克西信息科技有限公司', null);
INSERT INTO "RUNIXOA"."DEPT" VALUES ('3453', '总经办', '02585777718', null, '润内克西信息科技有限公司', null);
INSERT INTO "RUNIXOA"."DEPT" VALUES ('13051', '研发部', '02585777718', '从事技术研发，核心代码的开发！', '润内克西信息科技有限公司', null);

-- ----------------------------
-- Table structure for "RUNIXOA"."DOSSIER"
-- ----------------------------
DROP TABLE "RUNIXOA"."DOSSIER";
CREATE TABLE "RUNIXOA"."DOSSIER" (
"DOSSIER_ID" VARCHAR2(50 BYTE) NOT NULL ,
"TITLLE" VARCHAR2(100 BYTE) NULL ,
"BOXNUM" VARCHAR2(50 BYTE) NULL ,
"ANNUAL" VARCHAR2(50 BYTE) NULL ,
"RECGROUPNUM" VARCHAR2(50 BYTE) NULL ,
"KEEPLIMIT" VARCHAR2(50 BYTE) NULL ,
"ARCHIVESNUM" VARCHAR2(50 BYTE) NULL ,
"DOCROOM" VARCHAR2(50 BYTE) NULL ,
"AUTHOR" VARCHAR2(50 BYTE) NULL ,
"CATEGORY" VARCHAR2(50 BYTE) NULL ,
"PAGENUM" VARCHAR2(10 BYTE) NULL ,
"STARTTIME" DATE NULL ,
"ENDTIME" DATE NULL ,
"REMARK" VARCHAR2(500 BYTE) NULL ,
"FLAG" VARCHAR2(2 BYTE) NULL ,
"STATUS" VARCHAR2(2 BYTE) NULL ,
"SECRET" VARCHAR2(50 BYTE) NULL 
)
LOGGING
NOCOMPRESS
NOCACHE

;

-- ----------------------------
-- Records of DOSSIER
-- ----------------------------
INSERT INTO "RUNIXOA"."DOSSIER" VALUES ('14651', '123', '123', '2014', '123', '123', '123', '14257', '管理员', '2', '1', TO_DATE('2014-12-03 00:00:00', 'YYYY-MM-DD HH24:MI:SS'), TO_DATE('2015-01-09 00:00:00', 'YYYY-MM-DD HH24:MI:SS'), '123', null, '1', '14056');
INSERT INTO "RUNIXOA"."DOSSIER" VALUES ('14258', 'gfdg', 'fd', '2012', 'gfd', '2013', 'fg', '14257', '管理员', '1', '2', TO_DATE('2014-03-30 00:00:00', 'YYYY-MM-DD HH24:MI:SS'), TO_DATE('2014-04-02 00:00:00', 'YYYY-MM-DD HH24:MI:SS'), null, null, '1', '14056');

-- ----------------------------
-- Table structure for "RUNIXOA"."DUTY_MESSAGE"
-- ----------------------------
DROP TABLE "RUNIXOA"."DUTY_MESSAGE";
CREATE TABLE "RUNIXOA"."DUTY_MESSAGE" (
"DUTY_ID" VARCHAR2(50 BYTE) NOT NULL ,
"DUTYPERSON" VARCHAR2(50 BYTE) NULL ,
"CLASSES" VARCHAR2(50 BYTE) NULL ,
"DUTYDATE" DATE NULL ,
"STARTTIME" VARCHAR2(50 BYTE) NULL ,
"ENDTIME" VARCHAR2(50 BYTE) NULL ,
"DUTYADDRESS" VARCHAR2(100 BYTE) NULL ,
"REMARK" VARCHAR2(500 BYTE) NULL ,
"FLAG" VARCHAR2(2 BYTE) NULL 
)
LOGGING
NOCOMPRESS
NOCACHE

;

-- ----------------------------
-- Records of DUTY_MESSAGE
-- ----------------------------
INSERT INTO "RUNIXOA"."DUTY_MESSAGE" VALUES ('13451', '13251', '1', null, '2014-03-08 09:00:00', '2014-03-08 18:00:00', '公司', '<p>
	周末值班一天
</p>
<p>
	调休至下周二休息
</p>', null);

-- ----------------------------
-- Table structure for "RUNIXOA"."EMAIL"
-- ----------------------------
DROP TABLE "RUNIXOA"."EMAIL";
CREATE TABLE "RUNIXOA"."EMAIL" (
"EMAIL_ID" VARCHAR2(50 BYTE) NOT NULL ,
"RECEIVER" VARCHAR2(50 BYTE) NULL ,
"TITLE" VARCHAR2(50 BYTE) NULL ,
"CONTENT" CLOB NULL ,
"SENDER" VARCHAR2(50 BYTE) NULL ,
"DRAFTSSTATUS" VARCHAR2(2 BYTE) NULL ,
"INBOXSTATUS" VARCHAR2(2 BYTE) NULL ,
"READSTATUS" VARCHAR2(2 BYTE) NULL ,
"OUTBOXSTATUS" VARCHAR2(2 BYTE) NULL ,
"SENDSTATUS" VARCHAR2(2 BYTE) NULL ,
"SENDTIME" DATE NULL ,
"RECEIVEPEOPLES" VARCHAR2(3000 BYTE) NULL ,
"RECEIVEPEOPLESID" VARCHAR2(3000 BYTE) NULL ,
"ATTACHPATH" VARCHAR2(3000 BYTE) NULL ,
"ATTACHNAME" VARCHAR2(3000 BYTE) NULL 
)
LOGGING
NOCOMPRESS
NOCACHE

;

-- ----------------------------
-- Records of EMAIL
-- ----------------------------
INSERT INTO "RUNIXOA"."EMAIL" VALUES ('13403', '13251', '下周要进行新项目的开发', HexToRaw('3C703E0D0A09E4B88BE591A8E8A681E8BF9BE8A18CE696B0E9A1B9E79BAEE79A84E5BC80E58F910D0A3C2F703E0D0A3C703E0D0A09455250E9A1B9E79BAE0D0A3C2F703E0D0A3C703E0D0A09E8AFB7E5A4A7E5AEB6E5819AE5A5BDE58786E5A487EFBC810D0A3C2F703E00'), '13113', '0', '1', '1', '1', '1', TO_DATE('2014-03-03 11:33:36', 'YYYY-MM-DD HH24:MI:SS'), null, null, '/upload/f56c2dc2-dc24-4655-93f0-7f3be409ea2f.mp3;/upload/6f6710d4-79bd-427d-8ce1-5c301098fc91.mp3;/upload/ad33fbf0-e6dd-4abc-8634-b13b8098da79.mp3;', '爱情专属权.mp3;爱情转移.mp3;爱如潮水.mp3;');
INSERT INTO "RUNIXOA"."EMAIL" VALUES ('13402', null, '下周要进行新项目的开发', HexToRaw('3C703E0D0A09E4B88BE591A8E8A681E8BF9BE8A18CE696B0E9A1B9E79BAEE79A84E5BC80E58F910D0A3C2F703E0D0A3C703E0D0A09455250E9A1B9E79BAE0D0A3C2F703E0D0A3C703E0D0A09E8AFB7E5A4A7E5AEB6E5819AE5A5BDE58786E5A487EFBC810D0A3C2F703E00'), '13113', '0', '1', '0', '1', '1', TO_DATE('2014-03-03 11:33:36', 'YYYY-MM-DD HH24:MI:SS'), '孟理,admin', '13251,13113', '/upload/f56c2dc2-dc24-4655-93f0-7f3be409ea2f.mp3;/upload/6f6710d4-79bd-427d-8ce1-5c301098fc91.mp3;/upload/ad33fbf0-e6dd-4abc-8634-b13b8098da79.mp3;', '爱情专属权.mp3;爱情转移.mp3;爱如潮水.mp3;');
INSERT INTO "RUNIXOA"."EMAIL" VALUES ('13404', '13113', '下周要进行新项目的开发', HexToRaw('3C703E0D0A09E4B88BE591A8E8A681E8BF9BE8A18CE696B0E9A1B9E79BAEE79A84E5BC80E58F910D0A3C2F703E0D0A3C703E0D0A09455250E9A1B9E79BAE0D0A3C2F703E0D0A3C703E0D0A09E8AFB7E5A4A7E5AEB6E5819AE5A5BDE58786E5A487EFBC810D0A3C2F703E00'), '13113', '0', '1', '1', '1', '1', TO_DATE('2014-03-03 11:33:36', 'YYYY-MM-DD HH24:MI:SS'), null, null, '/upload/f56c2dc2-dc24-4655-93f0-7f3be409ea2f.mp3;/upload/6f6710d4-79bd-427d-8ce1-5c301098fc91.mp3;/upload/ad33fbf0-e6dd-4abc-8634-b13b8098da79.mp3;', '爱情专属权.mp3;爱情转移.mp3;爱如潮水.mp3;');
INSERT INTO "RUNIXOA"."EMAIL" VALUES ('14351', null, '123456789', HexToRaw('342EE5B7A5E4BD9C3C6272202F3E0D0AE68F90E6BA9CE4B880E4B8AAE7B396E6B0B4E9BB84E6A183E7BD90E5A4B4E793B6EFBC8CE694BEE59CA8E6A18CE8BEB9EFBC8CE59D90E4B88BE4BBA5E5908EEFBC8CE88496E5AD90E795A5E5BEAEE5908EE4BBB0EFBC8CE7BF98E79D80E4BA8CE9838EE885BFEFBC8CE4BD8EE5A4B4E79BAFE79D80E5B18FE5B995E79C8BE99C80E6B182E38082E69C80E5A5BDE782B9E4B880E6A0B9E7839FEFBC8CE7898CE5AD90E697A0E68980E8B093EFBC8CE883BDE58692E7839FE5B0B1E8A18CEFBC8CE8A681E5BE97E5B0B1E698AFE4BA91E5B1B1E99BBEE7BB95E79A84E6849FE8A789EFBC8CE4BB8EE7839FE99BBEE4B8ADE79CAFE79D80E79CBC3C6272202F3E0D0A3C6272202F3E0D0AE79D9BE79C8BE587BAE58EBBEFBC8CE4B880E589AFE883B8E69C89E68890E7ABB9E79A84E6A0B7E38082E4B880E6A0B9E7839FE68ABDE5AE8CEFBC8CE6B581E7A88BE59BBEE4B99FE59CA8E88491E5AD90E9878CE8B5B0E5AE8CE4BA86EFBC8CE595AAE4B880E4B88BE68A8AE7839FE5A4B4E68E90E781ADE588B0E88CB6E7BCB8E5AD90E9878CE38082E5868DE782B9E78783E4B880E6A0B9EFBC8CE5BC80E5A78BE997B7E5A3B0E695B2E4BBA3E7A081E38082E5BF83E697A0E69781E9AA9BE79A84E4B893E5BF83E695B2EFBC8CE7839FE781B0E983BDE4B88DE8A681E5BCB9EFBC8CE695B2E5A5BDE4B98BE5908EEFBC8CE7BC96E8AF913C6272202F3E0D0A3C6272202F3E0D0AEFBC8CE8B083E8AF95EFBC8CE5868DE7BC96E8AF91EFBC8CE5868DE8B083E8AF95EFBC8CE58A9FE883BDE8B791E9809AEFBC8C53564EE68F90E4BAA4E4BBA3E7A081E3808228E59CB0E99C87E781ABE781BEEFBC8CE4B99FE4B880E5AE9AE8A681E58588E68F90E4BAA4E4BBA3E7A081E5868DE8A18CE7A6BBE5BC8029EFBC8CE2809CE595AAE2809DEFBC8CE7AC94E8AEB0E69CACE59088E4B88AEFBC8CE4B88BE78FADE8B5B0E4BABAEFBC8CE5969DE595A4E98592E692B8E4B8B2E5AD90E58EBBE4BA86E380823C6272202F3E00'), '13113', '1', null, null, null, '0', null, '孟理,管理员', '13251,13113', '/upload/433bfd7c-57ec-466f-b582-9637f83a50d0.doc;/upload/145cb971-c238-4507-ad02-151846e05972.xlsx;', 'ERP使用文档.doc;ERP新问题.xlsx;');

-- ----------------------------
-- Table structure for "RUNIXOA"."EQUIPMENT"
-- ----------------------------
DROP TABLE "RUNIXOA"."EQUIPMENT";
CREATE TABLE "RUNIXOA"."EQUIPMENT" (
"EQUIPMENT_ID" VARCHAR2(50 BYTE) NOT NULL ,
"CATEOGORY" VARCHAR2(50 BYTE) NULL ,
"STORAGE" VARCHAR2(50 BYTE) NULL ,
"BUIER" VARCHAR2(50 BYTE) NULL ,
"GOODSNAME" VARCHAR2(50 BYTE) NULL ,
"GOODSNUM" VARCHAR2(10 BYTE) NULL ,
"UNITPRICE" VARCHAR2(50 BYTE) NULL ,
"REPAIRNUM" VARCHAR2(10 BYTE) NULL ,
"SCRAPNUM" VARCHAR2(10 BYTE) NULL ,
"MEASUREUNIT" VARCHAR2(5 BYTE) NULL ,
"REMARK" VARCHAR2(500 BYTE) NULL ,
"REGISTRANT" VARCHAR2(50 BYTE) NULL ,
"REGISTTIME" DATE NULL ,
"FLAG" VARCHAR2(2 BYTE) NULL 
)
LOGGING
NOCOMPRESS
NOCACHE

;

-- ----------------------------
-- Records of EQUIPMENT
-- ----------------------------
INSERT INTO "RUNIXOA"."EQUIPMENT" VALUES ('13952', '13901', '13951', '管理员', '笔记本', '100', '12', null, null, null, null, '13251', TO_DATE('2014-03-03 16:30:23', 'YYYY-MM-DD HH24:MI:SS'), null);

-- ----------------------------
-- Table structure for "RUNIXOA"."FLOW_NODE"
-- ----------------------------
DROP TABLE "RUNIXOA"."FLOW_NODE";
CREATE TABLE "RUNIXOA"."FLOW_NODE" (
"FLOWNODE_ID" VARCHAR2(50 BYTE) NOT NULL ,
"NODENAME" VARCHAR2(50 BYTE) NULL ,
"APPRONUM" VARCHAR2(10 BYTE) NULL ,
"APPROLEADERS" VARCHAR2(200 BYTE) NULL ,
"FLAG" VARCHAR2(2 BYTE) NULL ,
"LEADERSID" VARCHAR2(200 BYTE) NULL 
)
LOGGING
NOCOMPRESS
NOCACHE

;

-- ----------------------------
-- Records of FLOW_NODE
-- ----------------------------
INSERT INTO "RUNIXOA"."FLOW_NODE" VALUES ('13505', '报销审核', null, 'admin', null, '13113');
INSERT INTO "RUNIXOA"."FLOW_NODE" VALUES ('14951', '部门审核', null, '孟理', null, '13251');
INSERT INTO "RUNIXOA"."FLOW_NODE" VALUES ('13758', '转正审核', null, '管理员,孟理', null, '13113,13251');
INSERT INTO "RUNIXOA"."FLOW_NODE" VALUES ('14952', '集团审核', null, '管理员', null, '13113');
INSERT INTO "RUNIXOA"."FLOW_NODE" VALUES ('13352', '招聘审核', null, 'admin', null, '13113');
INSERT INTO "RUNIXOA"."FLOW_NODE" VALUES ('13954', '领用管理', null, '管理员', null, '13113');

-- ----------------------------
-- Table structure for "RUNIXOA"."FLOW_PEOPLE"
-- ----------------------------
DROP TABLE "RUNIXOA"."FLOW_PEOPLE";
CREATE TABLE "RUNIXOA"."FLOW_PEOPLE" (
"FP_ID" VARCHAR2(50 BYTE) NOT NULL ,
"RELATE_ID" VARCHAR2(50 BYTE) NULL ,
"PERSON_ID" VARCHAR2(50 BYTE) NULL ,
"SORTNUM" VARCHAR2(10 BYTE) NULL ,
"HANDLESTATUS" VARCHAR2(50 BYTE) NULL ,
"READSTATUS" VARCHAR2(2 BYTE) NULL ,
"OPINION" VARCHAR2(1000 BYTE) NULL 
)
LOGGING
NOCOMPRESS
NOCACHE

;

-- ----------------------------
-- Records of FLOW_PEOPLE
-- ----------------------------
INSERT INTO "RUNIXOA"."FLOW_PEOPLE" VALUES ('14453', '14451', '13113', '1', '0', '1', null);
INSERT INTO "RUNIXOA"."FLOW_PEOPLE" VALUES ('13956', '13953', '13113', '1', '1', '1', '同意领用---【审核人：孟理】');
INSERT INTO "RUNIXOA"."FLOW_PEOPLE" VALUES ('13508', '13503', '13113', '1', '1', '1', '。。---【审核人：admin】');
INSERT INTO "RUNIXOA"."FLOW_PEOPLE" VALUES ('13760', '13757', '13113', '1', '1', '1', '同意---【审核人：管理员】');
INSERT INTO "RUNIXOA"."FLOW_PEOPLE" VALUES ('14253', '14060', '13113', '1', '0', '1', null);
INSERT INTO "RUNIXOA"."FLOW_PEOPLE" VALUES ('14302', '14301', '13113', '1', '1', '1', 'OK ---【审核人：孟理】');
INSERT INTO "RUNIXOA"."FLOW_PEOPLE" VALUES ('13354', '13351', '13113', '1', '1', '1', '允许招聘！---【审核人：admin】');

-- ----------------------------
-- Table structure for "RUNIXOA"."FOLDER"
-- ----------------------------
DROP TABLE "RUNIXOA"."FOLDER";
CREATE TABLE "RUNIXOA"."FOLDER" (
"FOLDER_ID" VARCHAR2(50 BYTE) NOT NULL ,
"FOLDERNAME" VARCHAR2(50 BYTE) NULL ,
"FLAG" VARCHAR2(2 BYTE) NULL ,
"USER_ID" VARCHAR2(11 BYTE) NULL 
)
LOGGING
NOCOMPRESS
NOCACHE

;

-- ----------------------------
-- Records of FOLDER
-- ----------------------------
INSERT INTO "RUNIXOA"."FOLDER" VALUES ('13751', '文档资料', null, null);

-- ----------------------------
-- Table structure for "RUNIXOA"."MATTER"
-- ----------------------------
DROP TABLE "RUNIXOA"."MATTER";
CREATE TABLE "RUNIXOA"."MATTER" (
"MATTER_ID" VARCHAR2(50 BYTE) NOT NULL ,
"MATTERNAME" VARCHAR2(50 BYTE) NULL ,
"SPONSOR" VARCHAR2(50 BYTE) NULL ,
"EXECUTOR" VARCHAR2(50 BYTE) NULL ,
"TITLE" VARCHAR2(100 BYTE) NULL ,
"ISSUETIME" DATE NULL ,
"HANDLESTATUS" VARCHAR2(2 BYTE) NULL ,
"READSTATUS" VARCHAR2(2 BYTE) NULL ,
"FLAG" VARCHAR2(2 BYTE) NULL ,
"RELATE_ID" VARCHAR2(50 BYTE) NULL ,
"SORTNUM" VARCHAR2(2 BYTE) NULL 
)
LOGGING
NOCOMPRESS
NOCACHE

;

-- ----------------------------
-- Records of MATTER
-- ----------------------------
INSERT INTO "RUNIXOA"."MATTER" VALUES ('13509', '报销申请', '13113', '13113', '从南京到上海', TO_DATE('2014-03-03 13:07:53', 'YYYY-MM-DD HH24:MI:SS'), '0', '0', null, '13503', '1');
INSERT INTO "RUNIXOA"."MATTER" VALUES ('13761', '转正申请', '13113', '13113', '转正申请', TO_DATE('2014-03-03 14:11:44', 'YYYY-MM-DD HH24:MI:SS'), '0', '0', null, '13757', '1');
INSERT INTO "RUNIXOA"."MATTER" VALUES ('13355', '招聘申请', null, '13113', '招聘后台Java开发两名', TO_DATE('2014-03-03 11:22:12', 'YYYY-MM-DD HH24:MI:SS'), '0', '0', null, '13351', '1');
INSERT INTO "RUNIXOA"."MATTER" VALUES ('14303', '招聘申请', null, '13113', 'gfd', TO_DATE('2014-04-02 17:32:46', 'YYYY-MM-DD HH24:MI:SS'), '0', '0', null, '14301', '1');
INSERT INTO "RUNIXOA"."MATTER" VALUES ('13957', '领用申请', '13251', '13113', '新员工配发物资', TO_DATE('2014-03-03 16:32:17', 'YYYY-MM-DD HH24:MI:SS'), '0', '0', null, '13953', '1');
INSERT INTO "RUNIXOA"."MATTER" VALUES ('14254', '请示申请', '13113', '13113', '假期调休', TO_DATE('2014-04-02 15:13:45', 'YYYY-MM-DD HH24:MI:SS'), '0', '0', null, '14060', '1');
INSERT INTO "RUNIXOA"."MATTER" VALUES ('14454', '报销申请', '13113', '13113', '123', TO_DATE('2014-08-16 10:53:41', 'YYYY-MM-DD HH24:MI:SS'), '0', '0', null, '14451', '1');

-- ----------------------------
-- Table structure for "RUNIXOA"."MEETING_ROOM"
-- ----------------------------
DROP TABLE "RUNIXOA"."MEETING_ROOM";
CREATE TABLE "RUNIXOA"."MEETING_ROOM" (
"ROOM_ID" VARCHAR2(50 BYTE) NOT NULL ,
"SPOKESMAN" VARCHAR2(50 BYTE) NULL ,
"CONTENT" VARCHAR2(500 BYTE) NULL ,
"SPEAKTIME" DATE NULL ,
"NETMEETING_ID" VARCHAR2(50 BYTE) NULL ,
"FLAG" VARCHAR2(2 BYTE) NULL 
)
LOGGING
NOCOMPRESS
NOCACHE

;

-- ----------------------------
-- Records of MEETING_ROOM
-- ----------------------------

-- ----------------------------
-- Table structure for "RUNIXOA"."MEMO"
-- ----------------------------
DROP TABLE "RUNIXOA"."MEMO";
CREATE TABLE "RUNIXOA"."MEMO" (
"MEMO_ID" VARCHAR2(50 BYTE) NOT NULL ,
"TITLE" VARCHAR2(50 BYTE) NULL ,
"STARTTIME" DATE NULL ,
"ENDTIME" DATE NULL ,
"SUBMITTIME" DATE NULL ,
"REPORTPERSON" VARCHAR2(50 BYTE) NULL ,
"RECIEVEPERSON" VARCHAR2(50 BYTE) NULL ,
"STATUS" VARCHAR2(2 BYTE) NULL ,
"FLAG" VARCHAR2(2 BYTE) NULL ,
"CONTENT" CLOB NULL 
)
LOGGING
NOCOMPRESS
NOCACHE

;

-- ----------------------------
-- Records of MEMO
-- ----------------------------
INSERT INTO "RUNIXOA"."MEMO" VALUES ('13401', '新项目的开发', TO_DATE('2014-03-01 00:00:00', 'YYYY-MM-DD HH24:MI:SS'), TO_DATE('2014-03-31 00:00:00', 'YYYY-MM-DD HH24:MI:SS'), TO_DATE('2014-03-03 11:31:15', 'YYYY-MM-DD HH24:MI:SS'), '13113', '13251', '2', null, HexToRaw('3C703E0D0A09E696B0E9A1B9E79BAEE79A84E5BC80E58F910D0A3C2F703E0D0A3C703E0D0A094552500D0A3C2F703E00'));
INSERT INTO "RUNIXOA"."MEMO" VALUES ('14701', 'OA项目开发', TO_DATE('2014-12-03 15:10:33', 'YYYY-MM-DD HH24:MI:SS'), TO_DATE('2014-12-26 15:10:33', 'YYYY-MM-DD HH24:MI:SS'), TO_DATE('2014-12-02 15:10:40', 'YYYY-MM-DD HH24:MI:SS'), '13113', '13251', '2', null, HexToRaw('31323334353600'));

-- ----------------------------
-- Table structure for "RUNIXOA"."MESSAGE_CENTER"
-- ----------------------------
DROP TABLE "RUNIXOA"."MESSAGE_CENTER";
CREATE TABLE "RUNIXOA"."MESSAGE_CENTER" (
"MESSAGE_ID" VARCHAR2(50 BYTE) NOT NULL ,
"MESSAGESORT" VARCHAR2(50 BYTE) NULL ,
"TITLE" VARCHAR2(50 BYTE) NULL ,
"PUBLISHTIME" DATE NULL ,
"TYPE" VARCHAR2(50 BYTE) NULL ,
"STARTTIME" DATE NULL ,
"ENDTIME" DATE NULL ,
"SCOPE" VARCHAR2(50 BYTE) NULL ,
"PUBLISHER" VARCHAR2(50 BYTE) NULL ,
"DEPT" VARCHAR2(50 BYTE) NULL ,
"KEYWORDS" VARCHAR2(50 BYTE) NULL ,
"CONTENT" CLOB NULL ,
"STATUS" VARCHAR2(2 BYTE) NULL ,
"FLAG" VARCHAR2(2 BYTE) NULL 
)
LOGGING
NOCOMPRESS
NOCACHE

;

-- ----------------------------
-- Records of MESSAGE_CENTER
-- ----------------------------
INSERT INTO "RUNIXOA"."MESSAGE_CENTER" VALUES ('14603', null, '考勤', TO_DATE('2014-12-02 12:12:35', 'YYYY-MM-DD HH24:MI:SS'), '13553', null, null, null, 'judy', '13051', '考勤', HexToRaw('E88083E58BA4E88083E58BA400'), '1', null);
INSERT INTO "RUNIXOA"."MESSAGE_CENTER" VALUES ('13107', null, '关于ERP项目需求', TO_DATE('2014-03-03 14:00:30', 'YYYY-MM-DD HH24:MI:SS'), '13102', TO_DATE('2014-02-01 00:00:00', 'YYYY-MM-DD HH24:MI:SS'), TO_DATE('2014-02-01 00:00:00', 'YYYY-MM-DD HH24:MI:SS'), '-1', '管理员', '3453', null, HexToRaw('E585B3E4BA8E455250E9A1B9E79BAEE99C80E6B18200'), '1', null);
INSERT INTO "RUNIXOA"."MESSAGE_CENTER" VALUES ('13651', null, '关于迟到早退', TO_DATE('2014-03-03 13:39:30', 'YYYY-MM-DD HH24:MI:SS'), '13553', null, null, '-1', '管理员', '3453', null, HexToRaw('3C703E0D0A09E585B3E4BA8EE8BF9FE588B0E697A9E98080E79A84E588B6E5BAA6E5A682E4B88BEFBC9A0D0A3C2F703E0D0A3C703E0D0A09266E6273703B20266E6273703B2031E38081E8BF9FE588B0E58D8AE5B08FE697B6E4BBA5E4B88AEFBC8CE4B880E5B08FE697B6E4BBA5E4B88BEFBC8CE7AE97E697B7E5B7A5E58D8AE5A4A9E5A484E79086EFBC810D0A3C2F703E0D0A3C703E0D0A09266E6273703B20266E6273703B2032E38081E8BF9FE588B0E4B880E5B08FE697B6E4BBA5E4B88AEFBC8CE7AE97E697B7E5B7A5E4B880E5A4A9E5A484E79086EFBC810D0A3C2F703E00'), '1', null);
INSERT INTO "RUNIXOA"."MESSAGE_CENTER" VALUES ('13103', null, '关于ERP项目需求', TO_DATE('2014-02-28 11:35:51', 'YYYY-MM-DD HH24:MI:SS'), '13101', null, null, '-1', '管理员', '3453', null, HexToRaw('E585B3E4BA8E455250E9A1B9E79BAEE99C80E6B18200'), '1', null);
INSERT INTO "RUNIXOA"."MESSAGE_CENTER" VALUES ('14553', null, 'OA项目', TO_DATE('2014-12-02 11:46:43', 'YYYY-MM-DD HH24:MI:SS'), '13101', null, null, null, 'judy', '13051', 'OA', HexToRaw('4F41E5BC80E58F9100'), '1', null);

-- ----------------------------
-- Table structure for "RUNIXOA"."NETDISK"
-- ----------------------------
DROP TABLE "RUNIXOA"."NETDISK";
CREATE TABLE "RUNIXOA"."NETDISK" (
"FILE_ID" VARCHAR2(50 BYTE) NOT NULL ,
"FILESIZE" VARCHAR2(50 BYTE) NULL ,
"UPLOADTIME" DATE NULL ,
"PUBLICITY" VARCHAR2(2 BYTE) NULL ,
"FOLDER_ID" VARCHAR2(50 BYTE) NULL ,
"UPLOADER" VARCHAR2(50 BYTE) NULL ,
"FLAG" VARCHAR2(2 BYTE) NULL ,
"FILENAME" VARCHAR2(3000 BYTE) NULL ,
"FILEPATH" VARCHAR2(3000 BYTE) NULL 
)
LOGGING
NOCOMPRESS
NOCACHE

;

-- ----------------------------
-- Records of NETDISK
-- ----------------------------
INSERT INTO "RUNIXOA"."NETDISK" VALUES ('13755', '4 MB', TO_DATE('2014-03-03 14:07:15', 'YYYY-MM-DD HH24:MI:SS'), '1', null, '13113', null, 'cms4.0测试-修改.doc', '/upload/22fdbf75-cda6-4d0f-9de4-c4a3a86e3444.doc');
INSERT INTO "RUNIXOA"."NETDISK" VALUES ('14751', '16 KB', TO_DATE('2014-12-02 15:54:02', 'YYYY-MM-DD HH24:MI:SS'), '1', null, '13113', null, '库存管理软件开发.docx', '/upload/ade64657-e45f-477f-b68c-86c4b6a02452.docx');
INSERT INTO "RUNIXOA"."NETDISK" VALUES ('13752', '69 KB', TO_DATE('2014-03-03 14:06:50', 'YYYY-MM-DD HH24:MI:SS'), '1', '13751', '13113', null, '模板使用文档完整版.doc', '/upload/e20cb4cc-33c2-4daa-a0f7-4a88fc2e1069.doc');
INSERT INTO "RUNIXOA"."NETDISK" VALUES ('13754', '4 MB', TO_DATE('2014-03-03 14:07:15', 'YYYY-MM-DD HH24:MI:SS'), '1', null, '13113', null, 'cms4.0测试-10-09.doc', '/upload/ad824168-5d85-40cf-be2d-21655285422d.doc');
INSERT INTO "RUNIXOA"."NETDISK" VALUES ('13753', '449 KB', TO_DATE('2014-03-03 14:06:50', 'YYYY-MM-DD HH24:MI:SS'), '1', '13751', '13113', null, '数据库设计文档.doc', '/upload/d159ef14-7a59-4ab4-9c2c-ed4a6578af10.doc');

-- ----------------------------
-- Table structure for "RUNIXOA"."NETMEETING"
-- ----------------------------
DROP TABLE "RUNIXOA"."NETMEETING";
CREATE TABLE "RUNIXOA"."NETMEETING" (
"NETMEETING_ID" VARCHAR2(50 BYTE) NOT NULL ,
"TITLE" VARCHAR2(100 BYTE) NULL ,
"MEETINGDATE" DATE NULL ,
"STATUS" VARCHAR2(2 BYTE) NULL ,
"SPONSOR" VARCHAR2(50 BYTE) NULL ,
"FLAG" VARCHAR2(2 BYTE) NULL ,
"ATTENDEE" VARCHAR2(3000 BYTE) NULL ,
"ENDTIME" DATE NULL ,
"STARTTIME" DATE NULL ,
"ATTENDEENAME" VARCHAR2(3000 BYTE) NULL 
)
LOGGING
NOCOMPRESS
NOCACHE

;

-- ----------------------------
-- Records of NETMEETING
-- ----------------------------
INSERT INTO "RUNIXOA"."NETMEETING" VALUES ('13452', '关于ERP项目需求的研讨', null, null, '13113', null, 'p13251p,p13113p', TO_DATE('2014-03-10 12:00:00', 'YYYY-MM-DD HH24:MI:SS'), TO_DATE('2014-03-10 09:30:00', 'YYYY-MM-DD HH24:MI:SS'), '孟理,admin');

-- ----------------------------
-- Table structure for "RUNIXOA"."OFFICIAL_DOCUMENT"
-- ----------------------------
DROP TABLE "RUNIXOA"."OFFICIAL_DOCUMENT";
CREATE TABLE "RUNIXOA"."OFFICIAL_DOCUMENT" (
"DOCUMENT_ID" VARCHAR2(50 BYTE) NOT NULL ,
"DOCPERSON" VARCHAR2(50 BYTE) NULL ,
"DOCSORT" VARCHAR2(50 BYTE) NULL ,
"FLOW_ID" VARCHAR2(50 BYTE) NULL ,
"TITLE" VARCHAR2(50 BYTE) NULL ,
"COMPANY" VARCHAR2(50 BYTE) NULL ,
"SUBJECTTERM" VARCHAR2(50 BYTE) NULL ,
"DOCSIZE" VARCHAR2(50 BYTE) NULL ,
"DOCTYPE" VARCHAR2(50 BYTE) NULL ,
"RECEIVENUM" VARCHAR2(50 BYTE) NULL ,
"COPIES" VARCHAR2(10 BYTE) NULL ,
"RECEIVEDATE" DATE NULL ,
"REMARK" VARCHAR2(200 BYTE) NULL ,
"TIMELIMIT" VARCHAR2(10 BYTE) NULL ,
"MAINSENDER" VARCHAR2(50 BYTE) NULL ,
"COPYSENDER" VARCHAR2(50 BYTE) NULL ,
"FLAG" VARCHAR2(2 BYTE) NULL ,
"STATUS" VARCHAR2(2 BYTE) NULL ,
"CHECKSTATUS" VARCHAR2(2 BYTE) NULL ,
"OPINION" VARCHAR2(500 BYTE) NULL ,
"URGENCY" VARCHAR2(50 BYTE) NULL ,
"SECRET" VARCHAR2(50 BYTE) NULL ,
"ATTACHPATH" VARCHAR2(3000 BYTE) NULL ,
"ATTACHNAME" VARCHAR2(3000 BYTE) NULL 
)
LOGGING
NOCOMPRESS
NOCACHE

;

-- ----------------------------
-- Records of OFFICIAL_DOCUMENT
-- ----------------------------

-- ----------------------------
-- Table structure for "RUNIXOA"."PERMISSION"
-- ----------------------------
DROP TABLE "RUNIXOA"."PERMISSION";
CREATE TABLE "RUNIXOA"."PERMISSION" (
"PERMISSION_ID" VARCHAR2(50 BYTE) NOT NULL ,
"URL" VARCHAR2(100 BYTE) NULL ,
"SORTNUM" VARCHAR2(10 BYTE) NULL ,
"PARENTID" VARCHAR2(50 BYTE) NULL ,
"FLAG" VARCHAR2(2 BYTE) NULL ,
"TITLE" VARCHAR2(500 BYTE) NULL 
)
LOGGING
NOCOMPRESS
NOCACHE

;

-- ----------------------------
-- Records of PERMISSION
-- ----------------------------
INSERT INTO "RUNIXOA"."PERMISSION" VALUES ('10271', null, null, '3451', null, 'a1, a2, am2, a3, am3, a4, am4, a5, am5, a6, am6, a7, a8, am8, a9, am9, b1, b2, bm2, b3, bm3, b4, bm4, b5, bm5, b6, c1, c2, cm2, c3, cm3, c4, cm4, c5, cm5, c6, cm6, e1, e2, em2, e3, em3, e4, em4, f1, f2, fm2, f3, fm3, f4, fm4, g1, g2, gm2, g3, gm3, g4, gm4, d1, d2, d3, d4, d5, d6, h1, h2');
INSERT INTO "RUNIXOA"."PERMISSION" VALUES ('13252', null, null, '13053', null, 'a1, a2, am2, a3, am3, a4, am4, a5, am5, a6, am6, a7, a8, am8, a9, am9, b1, b2, bm2, b3, bm3, b4, bm4, b5, bm5, b6, c1, c2, cm2, c3, cm3, c4, cm4, c5, cm5, c6, cm6, e1, e2, em2, e3, em3, e4, em4, f1, f2, fm2, f3, fm3, f4, fm4, g1, g2, gm2, g3, gm3, g4, gm4, d1, d2, d3, d4, d5, d6, h1, h2');

-- ----------------------------
-- Table structure for "RUNIXOA"."PERSONNEL"
-- ----------------------------
DROP TABLE "RUNIXOA"."PERSONNEL";
CREATE TABLE "RUNIXOA"."PERSONNEL" (
"PERSONNEL_ID" VARCHAR2(11 BYTE) NOT NULL ,
"PERSTYPE" VARCHAR2(50 BYTE) NULL ,
"NAME" VARCHAR2(50 BYTE) NULL ,
"DEPT" VARCHAR2(50 BYTE) NULL ,
"APPLYTIME" DATE NULL ,
"HANDLESTATUS" VARCHAR2(2 BYTE) NULL ,
"COMMITSTATUS" VARCHAR2(2 BYTE) NULL ,
"WORKFLOW_ID" VARCHAR2(50 BYTE) NULL ,
"CONTENT" CLOB NULL ,
"DIMSTATUS" VARCHAR2(2 BYTE) NULL ,
"TITLE" VARCHAR2(100 BYTE) NULL ,
"OLDPOSITIOLN" VARCHAR2(50 BYTE) NULL ,
"NEWPOSITION" VARCHAR2(50 BYTE) NULL ,
"NEWDEPT" VARCHAR2(50 BYTE) NULL ,
"FLAG" VARCHAR2(2 BYTE) NULL ,
"STATUS" VARCHAR2(2 BYTE) NULL ,
"CHECKSTATUS" VARCHAR2(2 BYTE) NULL ,
"OPINION" VARCHAR2(500 BYTE) NULL ,
"DIMTYPE" VARCHAR2(50 BYTE) NULL ,
"ATACHPATH" VARCHAR2(3000 BYTE) NULL ,
"ATTACHNAME" VARCHAR2(3000 BYTE) NULL 
)
LOGGING
NOCOMPRESS
NOCACHE

;

-- ----------------------------
-- Records of PERSONNEL
-- ----------------------------
INSERT INTO "RUNIXOA"."PERSONNEL" VALUES ('13757', 'ZHZH', '13113', '3453', TO_DATE('2014-03-03 14:11:44', 'YYYY-MM-DD HH24:MI:SS'), null, null, null, HexToRaw('E7A094E58F91E983A8E5AD9FE79086E794B3E8AFB7E8BDACE6ADA3EFBC8100'), null, '转正申请', null, null, null, null, '1', '1', '同意---【审核人：管理员】
', null, null, null);

-- ----------------------------
-- Table structure for "RUNIXOA"."POSITION"
-- ----------------------------
DROP TABLE "RUNIXOA"."POSITION";
CREATE TABLE "RUNIXOA"."POSITION" (
"POSITION_ID" VARCHAR2(50 BYTE) NOT NULL ,
"POSTNAME" VARCHAR2(50 BYTE) NULL ,
"CATEGORY" VARCHAR2(50 BYTE) NULL ,
"DESCRIPTION" VARCHAR2(200 BYTE) NULL ,
"SCREEN" VARCHAR2(2 BYTE) NULL ,
"ROLERANK" VARCHAR2(2 BYTE) NULL ,
"FLAG" VARCHAR2(2 BYTE) NULL 
)
LOGGING
NOCOMPRESS
NOCACHE

;

-- ----------------------------
-- Records of POSITION
-- ----------------------------
INSERT INTO "RUNIXOA"."POSITION" VALUES ('13053', '后台开发', null, '负责后台功能代码的实现！', '0', null, null);
INSERT INTO "RUNIXOA"."POSITION" VALUES ('13305', '后勤保障', null, null, '0', null, null);
INSERT INTO "RUNIXOA"."POSITION" VALUES ('13054', '美工设计', null, '负责设计！', '0', null, null);
INSERT INTO "RUNIXOA"."POSITION" VALUES ('13304', '人事管理', null, null, '0', null, null);
INSERT INTO "RUNIXOA"."POSITION" VALUES ('3451', '管理员', null, null, '0', null, null);

-- ----------------------------
-- Table structure for "RUNIXOA"."POSITION_PERMISSION"
-- ----------------------------
DROP TABLE "RUNIXOA"."POSITION_PERMISSION";
CREATE TABLE "RUNIXOA"."POSITION_PERMISSION" (
"PP_ID" VARCHAR2(50 BYTE) NOT NULL ,
"POSITION_ID" VARCHAR2(50 BYTE) NULL ,
"PERMISSION_ID" VARCHAR2(50 BYTE) NULL 
)
LOGGING
NOCOMPRESS
NOCACHE

;

-- ----------------------------
-- Records of POSITION_PERMISSION
-- ----------------------------

-- ----------------------------
-- Table structure for "RUNIXOA"."RECRUITMENT"
-- ----------------------------
DROP TABLE "RUNIXOA"."RECRUITMENT";
CREATE TABLE "RUNIXOA"."RECRUITMENT" (
"RECRUITMENT_ID" VARCHAR2(50 BYTE) NOT NULL ,
"WORKFLOW_ID" VARCHAR2(50 BYTE) NULL ,
"DEPARTMENT" VARCHAR2(50 BYTE) NULL ,
"POSITION" VARCHAR2(50 BYTE) NULL ,
"SUBMITTER" VARCHAR2(50 BYTE) NULL ,
"LIMITTIME" VARCHAR2(50 BYTE) NULL ,
"TITLE" VARCHAR2(100 BYTE) NULL ,
"PEOPLENUM" VARCHAR2(10 BYTE) NULL ,
"DETAILS" CLOB NULL ,
"FLAG" VARCHAR2(2 BYTE) NULL ,
"STATUS" VARCHAR2(2 BYTE) NULL ,
"CHECKSTATUS" VARCHAR2(2 BYTE) NULL ,
"OPINION" VARCHAR2(1000 BYTE) NULL 
)
LOGGING
NOCOMPRESS
NOCACHE

;

-- ----------------------------
-- Records of RECRUITMENT
-- ----------------------------
INSERT INTO "RUNIXOA"."RECRUITMENT" VALUES ('13351', 'REIMBURSE', '研发部', '后台开发', 'admin', '5', '招聘后台Java开发两名', '2', null, null, '1', '1', '允许招聘！---【审核人：admin】
');
INSERT INTO "RUNIXOA"."RECRUITMENT" VALUES ('14301', 'REIMBURSE', '人事部', '后台开发', '管理员', '3', 'gfd', '35', HexToRaw('67666400'), null, '1', '1', 'OK ---【审核人：孟理】
');

-- ----------------------------
-- Table structure for "RUNIXOA"."REIMBURSEMENT"
-- ----------------------------
DROP TABLE "RUNIXOA"."REIMBURSEMENT";
CREATE TABLE "RUNIXOA"."REIMBURSEMENT" (
"REIM_ID" VARCHAR2(50 BYTE) NOT NULL ,
"WORKFLOW_ID" VARCHAR2(50 BYTE) NULL ,
"PERSON" VARCHAR2(50 BYTE) NULL ,
"AFFILTYPE" VARCHAR2(2 BYTE) NULL ,
"TOTALMONEY" VARCHAR2(50 BYTE) NULL ,
"TOTALDOC" VARCHAR2(50 BYTE) NULL ,
"TITLLE" VARCHAR2(100 BYTE) NULL ,
"REMARK" VARCHAR2(500 BYTE) NULL ,
"ITEM" VARCHAR2(50 BYTE) NULL ,
"FLAG" VARCHAR2(2 BYTE) NULL ,
"CHECKSTATUS" VARCHAR2(2 BYTE) NULL ,
"OPINION" VARCHAR2(500 BYTE) NULL ,
"STATUS" VARCHAR2(2 BYTE) NULL ,
"REIMTYPE" VARCHAR2(50 BYTE) NULL ,
"APPLYTIME" VARCHAR2(50 BYTE) NULL ,
"DEPT" VARCHAR2(50 BYTE) NULL 
)
LOGGING
NOCOMPRESS
NOCACHE

;

-- ----------------------------
-- Records of REIMBURSEMENT
-- ----------------------------
INSERT INTO "RUNIXOA"."REIMBURSEMENT" VALUES ('13503', 'REIMBURSE', '13113', null, '121', '1', '从南京到上海', null, null, null, '1', '。。---【审核人：admin】
', '1', '13501', '2014-03-03', '3453');
INSERT INTO "RUNIXOA"."REIMBURSEMENT" VALUES ('14451', 'REIMBURSE', '13113', null, '1200', '1', '123', null, null, null, '3', null, '1', '13501', '2014-08-16', '3453');

-- ----------------------------
-- Table structure for "RUNIXOA"."REIMBURSEMENT_ITEM"
-- ----------------------------
DROP TABLE "RUNIXOA"."REIMBURSEMENT_ITEM";
CREATE TABLE "RUNIXOA"."REIMBURSEMENT_ITEM" (
"ITEM_ID" VARCHAR2(50 BYTE) NOT NULL ,
"ITEMNAME" VARCHAR2(50 BYTE) NULL ,
"TIME" DATE NULL ,
"REASON" VARCHAR2(50 BYTE) NULL ,
"REIMDATE" DATE NULL ,
"DOCPOLL" VARCHAR2(50 BYTE) NULL ,
"REIMMONEY" VARCHAR2(50 BYTE) NULL ,
"OTHERITEM" VARCHAR2(50 BYTE) NULL ,
"OTHERPOLL" VARCHAR2(50 BYTE) NULL ,
"OTHERMONEY" VARCHAR2(50 BYTE) NULL ,
"FLAG" VARCHAR2(2 BYTE) NULL ,
"REIM_ID" VARCHAR2(50 BYTE) NULL 
)
LOGGING
NOCOMPRESS
NOCACHE

;

-- ----------------------------
-- Records of REIMBURSEMENT_ITEM
-- ----------------------------
INSERT INTO "RUNIXOA"."REIMBURSEMENT_ITEM" VALUES ('13507', '车费', TO_DATE('2014-03-01 00:00:00', 'YYYY-MM-DD HH24:MI:SS'), '出差', TO_DATE('2014-03-03 00:00:00', 'YYYY-MM-DD HH24:MI:SS'), '1', '121', null, null, null, null, '13503');
INSERT INTO "RUNIXOA"."REIMBURSEMENT_ITEM" VALUES ('14452', '出差', TO_DATE('2014-08-18 00:00:00', 'YYYY-MM-DD HH24:MI:SS'), '工作', TO_DATE('2014-08-26 00:00:00', 'YYYY-MM-DD HH24:MI:SS'), '1', '1200', null, null, null, null, '14451');

-- ----------------------------
-- Table structure for "RUNIXOA"."RESUME"
-- ----------------------------
DROP TABLE "RUNIXOA"."RESUME";
CREATE TABLE "RUNIXOA"."RESUME" (
"RESUME_ID" VARCHAR2(50 BYTE) NOT NULL ,
"NAME" VARCHAR2(50 BYTE) NULL ,
"SEX" VARCHAR2(2 BYTE) NULL ,
"AGE" VARCHAR2(2 BYTE) NULL ,
"TEL" VARCHAR2(20 BYTE) NULL ,
"DEPARTMENT" VARCHAR2(50 BYTE) NULL ,
"POSITION" VARCHAR2(50 BYTE) NULL ,
"HIRE" VARCHAR2(2 BYTE) NULL ,
"RECRUITMENT_ID" VARCHAR2(50 BYTE) NULL ,
"FLAG" VARCHAR2(2 BYTE) NULL ,
"APPDATE" DATE NULL ,
"INTERVIEW" VARCHAR2(2 BYTE) NULL ,
"REMARK" VARCHAR2(1000 BYTE) NULL ,
"ATACHPATH" VARCHAR2(3000 BYTE) NULL ,
"ATACHNAME" VARCHAR2(3000 BYTE) NULL 
)
LOGGING
NOCOMPRESS
NOCACHE

;

-- ----------------------------
-- Records of RESUME
-- ----------------------------

-- ----------------------------
-- Table structure for "RUNIXOA"."SCHEDULE"
-- ----------------------------
DROP TABLE "RUNIXOA"."SCHEDULE";
CREATE TABLE "RUNIXOA"."SCHEDULE" (
"SCHEDULE_ID" VARCHAR2(50 BYTE) NOT NULL ,
"EXECUTER" VARCHAR2(50 BYTE) NULL ,
"TITLE" VARCHAR2(100 BYTE) NULL ,
"STARTTIME" DATE NULL ,
"ENDTIME" DATE NULL ,
"RANGETIME" DATE NULL ,
"CONTENT" VARCHAR2(500 BYTE) NULL ,
"FLAG" VARCHAR2(2 BYTE) NULL 
)
LOGGING
NOCOMPRESS
NOCACHE

;

-- ----------------------------
-- Records of SCHEDULE
-- ----------------------------
INSERT INTO "RUNIXOA"."SCHEDULE" VALUES ('13851', '13113', '出差前往上海', TO_DATE('2014-03-05 10:00:00', 'YYYY-MM-DD HH24:MI:SS'), TO_DATE('2014-03-08 10:00:00', 'YYYY-MM-DD HH24:MI:SS'), TO_DATE('2014-03-03 15:44:14', 'YYYY-MM-DD HH24:MI:SS'), '出差前往上海，洽谈ERP项目相关合作事宜！', null);

-- ----------------------------
-- Table structure for "RUNIXOA"."SET_ATTEND"
-- ----------------------------
DROP TABLE "RUNIXOA"."SET_ATTEND";
CREATE TABLE "RUNIXOA"."SET_ATTEND" (
"SETATTEND_ID" VARCHAR2(50 BYTE) NOT NULL ,
"STARTTIME" VARCHAR2(50 BYTE) NULL ,
"ENDTIME" VARCHAR2(50 BYTE) NULL ,
"REST" VARCHAR2(50 BYTE) NULL ,
"ABSENTLIMIT" VARCHAR2(50 BYTE) NULL 
)
LOGGING
NOCOMPRESS
NOCACHE

;

-- ----------------------------
-- Records of SET_ATTEND
-- ----------------------------
INSERT INTO "RUNIXOA"."SET_ATTEND" VALUES ('13405', '09:30', '17:30', '1', '09:30');

-- ----------------------------
-- Table structure for "RUNIXOA"."SUGGESTION"
-- ----------------------------
DROP TABLE "RUNIXOA"."SUGGESTION";
CREATE TABLE "RUNIXOA"."SUGGESTION" (
"SUGGESTION_ID" VARCHAR2(10 BYTE) NOT NULL ,
"TITLE" VARCHAR2(50 BYTE) NULL ,
"SUGGESTTYPE" VARCHAR2(10 BYTE) NULL ,
"PUBLICITY" VARCHAR2(2 BYTE) NULL ,
"TOPERSON" VARCHAR2(100 BYTE) NULL ,
"SUGESTER" VARCHAR2(50 BYTE) NULL ,
"CONTENT" CLOB NULL ,
"FLAG" VARCHAR2(2 BYTE) NULL 
)
LOGGING
NOCOMPRESS
NOCACHE

;

-- ----------------------------
-- Records of SUGGESTION
-- ----------------------------
INSERT INTO "RUNIXOA"."SUGGESTION" VALUES ('14061', '上下班时间调节', '13801', '1', '13113', '13251', HexToRaw('E6B58BE8AF95E4B8AAE4BABAE5BBBAE8AEAEE6A8A1E59D9700'), null);
INSERT INTO "RUNIXOA"."SUGGESTION" VALUES ('15001', '1111', '13801', '1', '13251', '13113', HexToRaw('31313131313100'), null);

-- ----------------------------
-- Table structure for "RUNIXOA"."SURVEY"
-- ----------------------------
DROP TABLE "RUNIXOA"."SURVEY";
CREATE TABLE "RUNIXOA"."SURVEY" (
"SURVEY_ID" VARCHAR2(50 BYTE) NOT NULL ,
"TITLE" VARCHAR2(100 BYTE) NULL ,
"VOTER" VARCHAR2(100 BYTE) NULL ,
"STARTTIME" DATE NULL ,
"ENDTIME" DATE NULL ,
"PUBLICITY" VARCHAR2(2 BYTE) NULL ,
"VOTINGWAY" VARCHAR2(2 BYTE) NULL ,
"QUESTIONTYPE" VARCHAR2(50 BYTE) NULL ,
"QUESTIONNAME" VARCHAR2(200 BYTE) NULL ,
"STATUS" VARCHAR2(2 BYTE) NULL ,
"FLAG" VARCHAR2(2 BYTE) NULL ,
"SURVEYPERSON" VARCHAR2(3000 BYTE) NULL ,
"PEOPLESNAME" VARCHAR2(3000 BYTE) NULL 
)
LOGGING
NOCOMPRESS
NOCACHE

;

-- ----------------------------
-- Records of SURVEY
-- ----------------------------
INSERT INTO "RUNIXOA"."SURVEY" VALUES ('14202', 'gd', '13113', TO_DATE('2014-04-09 00:00:00', 'YYYY-MM-DD HH24:MI:SS'), TO_DATE('2014-04-15 00:00:00', 'YYYY-MM-DD HH24:MI:SS'), '1', '1', '0', null, '1', null, 'p13251p,p13113p', '孟理,管理员');
INSERT INTO "RUNIXOA"."SURVEY" VALUES ('14051', '测试投票', '13251', TO_DATE('2014-03-01 00:00:00', 'YYYY-MM-DD HH24:MI:SS'), TO_DATE('2014-03-08 00:00:00', 'YYYY-MM-DD HH24:MI:SS'), '1', '1', '0', null, '1', null, 'p13251p,p13113p', '孟理,管理员');
INSERT INTO "RUNIXOA"."SURVEY" VALUES ('14206', 'aaa', '13113', TO_DATE('2014-04-08 00:00:00', 'YYYY-MM-DD HH24:MI:SS'), TO_DATE('2014-04-24 00:00:00', 'YYYY-MM-DD HH24:MI:SS'), '1', '1', '0', null, '1', null, 'p13251p', '孟理');

-- ----------------------------
-- Table structure for "RUNIXOA"."TASK"
-- ----------------------------
DROP TABLE "RUNIXOA"."TASK";
CREATE TABLE "RUNIXOA"."TASK" (
"TASK_ID" VARCHAR2(50 BYTE) NOT NULL ,
"TITLE" VARCHAR2(100 BYTE) NULL ,
"STANDARD" VARCHAR2(50 BYTE) NULL ,
"REPORT_TO" VARCHAR2(50 BYTE) NULL ,
"STARTTIME" DATE NULL ,
"ENDTIME" DATE NULL ,
"TIMELIMIT" VARCHAR2(10 BYTE) NULL ,
"EXESTARTTIME" DATE NULL ,
"EXEENDTIME" DATE NULL ,
"CONTENT" VARCHAR2(1000 BYTE) NULL ,
"PROCESS" VARCHAR2(10 BYTE) NULL ,
"COMPLETION" VARCHAR2(100 BYTE) NULL ,
"FLAG" VARCHAR2(2 BYTE) NULL ,
"ATTACHPATH" VARCHAR2(3000 BYTE) NULL ,
"ATTACHNAME" VARCHAR2(3000 BYTE) NULL ,
"TOTALPROCESS" VARCHAR2(11 BYTE) NULL ,
"EXECUTER" VARCHAR2(3000 BYTE) NULL ,
"EXECUTERID" VARCHAR2(3000 BYTE) NULL ,
"ARRANGER" VARCHAR2(50 BYTE) NULL ,
"TASKCOMPLETE" VARCHAR2(3000 BYTE) NULL 
)
LOGGING
NOCOMPRESS
NOCACHE

;

-- ----------------------------
-- Records of TASK
-- ----------------------------
INSERT INTO "RUNIXOA"."TASK" VALUES ('13852', '把附件中的资料修改完善', null, '13113', TO_DATE('2014-03-04 00:00:00', 'YYYY-MM-DD HH24:MI:SS'), TO_DATE('2014-03-08 00:00:00', 'YYYY-MM-DD HH24:MI:SS'), '3', null, null, '<p>
	<span style="color:#E53333;">把附件中的资料根据最新的OA系统修改完善！</span>
</p>
<p>
	<br />
</p>', '0', '1', null, '/upload/5a1f7f83-6abe-41bb-90b9-1ba7446df1eb.doc;', '润内克西信息科技OA使用说明书.doc;', '100', '孟理', '13251', '13113', null);

-- ----------------------------
-- Table structure for "RUNIXOA"."USER_MESSAGE"
-- ----------------------------
DROP TABLE "RUNIXOA"."USER_MESSAGE";
CREATE TABLE "RUNIXOA"."USER_MESSAGE" (
"UM_ID" VARCHAR2(50 BYTE) NOT NULL ,
"USER_ID" VARCHAR2(50 BYTE) NULL ,
"MESSAGE_ID" VARCHAR2(50 BYTE) NULL ,
"READSTATUS" VARCHAR2(10 BYTE) NULL 
)
LOGGING
NOCOMPRESS
NOCACHE

;

-- ----------------------------
-- Records of USER_MESSAGE
-- ----------------------------
INSERT INTO "RUNIXOA"."USER_MESSAGE" VALUES ('13653', '13113', '13651', '1');
INSERT INTO "RUNIXOA"."USER_MESSAGE" VALUES ('13716', '13251', '13107', '0');
INSERT INTO "RUNIXOA"."USER_MESSAGE" VALUES ('13104', '4055', '13103', '0');
INSERT INTO "RUNIXOA"."USER_MESSAGE" VALUES ('13105', '13058', '13103', '0');
INSERT INTO "RUNIXOA"."USER_MESSAGE" VALUES ('13717', '13113', '13107', '0');
INSERT INTO "RUNIXOA"."USER_MESSAGE" VALUES ('13652', '13251', '13651', '0');

-- ----------------------------
-- Table structure for "RUNIXOA"."USER_TASK"
-- ----------------------------
DROP TABLE "RUNIXOA"."USER_TASK";
CREATE TABLE "RUNIXOA"."USER_TASK" (
"UT_ID" VARCHAR2(11 BYTE) NULL ,
"TASK_ID" VARCHAR2(11 BYTE) NULL ,
"USER_ID" VARCHAR2(11 BYTE) NULL ,
"PROCESS" VARCHAR2(10 BYTE) NULL ,
"COMLETETION" VARCHAR2(50 BYTE) NULL ,
"TASKCOMPLETE" VARCHAR2(3000 BYTE) NULL 
)
LOGGING
NOCOMPRESS
NOCACHE

;

-- ----------------------------
-- Records of USER_TASK
-- ----------------------------
INSERT INTO "RUNIXOA"."USER_TASK" VALUES ('13853', '13852', '13251', '100', '1', '已完成');

-- ----------------------------
-- Table structure for "RUNIXOA"."USING_EQUIP"
-- ----------------------------
DROP TABLE "RUNIXOA"."USING_EQUIP";
CREATE TABLE "RUNIXOA"."USING_EQUIP" (
"USINGEQUIP_ID" VARCHAR2(50 BYTE) NOT NULL ,
"WORKFLOW_ID" VARCHAR2(50 BYTE) NULL ,
"USECONDITION" VARCHAR2(50 BYTE) NULL ,
"STORAGE" VARCHAR2(50 BYTE) NULL ,
"CATEOGORY" VARCHAR2(50 BYTE) NULL ,
"EQUIPMENT_ID" VARCHAR2(50 BYTE) NULL ,
"STORAGENUM" VARCHAR2(10 BYTE) NULL ,
"APPLYNUM" VARCHAR2(10 BYTE) NULL ,
"APPLYTIME" DATE NULL ,
"REMARK" VARCHAR2(500 BYTE) NULL ,
"APPLICANT" VARCHAR2(50 BYTE) NULL ,
"DEPARTMENT" VARCHAR2(50 BYTE) NULL ,
"STATUS" VARCHAR2(2 BYTE) NULL ,
"OPINION" VARCHAR2(200 BYTE) NULL ,
"FLAG" VARCHAR2(2 BYTE) NULL ,
"TITLE" VARCHAR2(100 BYTE) NULL ,
"CHECKSTATUS" VARCHAR2(2 BYTE) NULL ,
"STARTTIME" VARCHAR2(50 BYTE) NULL ,
"ENDTIME" VARCHAR2(50 BYTE) NULL 
)
LOGGING
NOCOMPRESS
NOCACHE

;

-- ----------------------------
-- Records of USING_EQUIP
-- ----------------------------
INSERT INTO "RUNIXOA"."USING_EQUIP" VALUES ('13953', 'USINGEQUIP', '1', null, '13901', '13952', '100', '1', TO_DATE('2014-03-03 16:32:17', 'YYYY-MM-DD HH24:MI:SS'), null, '13251', '13051', '1', '同意领用---【审核人：孟理】
', null, '新员工配发物资', '1', '2014-03-01 16:30:00', '2014-12-03 00:00:00');

-- ----------------------------
-- Table structure for "RUNIXOA"."USINGCAR"
-- ----------------------------
DROP TABLE "RUNIXOA"."USINGCAR";
CREATE TABLE "RUNIXOA"."USINGCAR" (
"USINGCAR_ID" VARCHAR2(50 BYTE) NOT NULL ,
"WORKFLOW_ID" VARCHAR2(50 BYTE) NULL ,
"USER_ID" VARCHAR2(50 BYTE) NULL ,
"DRIVER" VARCHAR2(50 BYTE) NULL ,
"DEPT" VARCHAR2(50 BYTE) NULL ,
"TEL" VARCHAR2(20 BYTE) NULL ,
"USINGTIME" DATE NULL ,
"BACKTIME" DATE NULL ,
"ACCOMNUM" VARCHAR2(10 BYTE) NULL ,
"USINGPROPERTY" VARCHAR2(50 BYTE) NULL ,
"TITLE" VARCHAR2(500 BYTE) NULL ,
"CAR_ID" VARCHAR2(50 BYTE) NULL ,
"USINGREASON" VARCHAR2(500 BYTE) NULL ,
"USINGWAY" VARCHAR2(50 BYTE) NULL ,
"STATUS" VARCHAR2(2 BYTE) NULL ,
"OPINION" VARCHAR2(200 BYTE) NULL ,
"FLAG" VARCHAR2(2 BYTE) NULL ,
"CHECKSTATUS" VARCHAR2(2 BYTE) NULL 
)
LOGGING
NOCOMPRESS
NOCACHE

;

-- ----------------------------
-- Records of USINGCAR
-- ----------------------------

-- ----------------------------
-- Table structure for "RUNIXOA"."WORKFLOW"
-- ----------------------------
DROP TABLE "RUNIXOA"."WORKFLOW";
CREATE TABLE "RUNIXOA"."WORKFLOW" (
"WORKFLOW_ID" VARCHAR2(50 BYTE) NOT NULL ,
"FLOWNAME" VARCHAR2(50 BYTE) NULL ,
"FLAG" VARCHAR2(2 BYTE) NULL 
)
LOGGING
NOCOMPRESS
NOCACHE

;

-- ----------------------------
-- Records of WORKFLOW
-- ----------------------------
INSERT INTO "RUNIXOA"."WORKFLOW" VALUES ('flow011', '出差管理', null);
INSERT INTO "RUNIXOA"."WORKFLOW" VALUES ('flow005', '设备管理', null);
INSERT INTO "RUNIXOA"."WORKFLOW" VALUES ('flow004', '请示管理', null);
INSERT INTO "RUNIXOA"."WORKFLOW" VALUES ('flow003', '用车管理', null);
INSERT INTO "RUNIXOA"."WORKFLOW" VALUES ('flow002', '发文管理', null);
INSERT INTO "RUNIXOA"."WORKFLOW" VALUES ('flow001', '收文管理', null);
INSERT INTO "RUNIXOA"."WORKFLOW" VALUES ('flow010', '休假管理', null);
INSERT INTO "RUNIXOA"."WORKFLOW" VALUES ('flow009', '调动管理', null);
INSERT INTO "RUNIXOA"."WORKFLOW" VALUES ('flow008', '离职管理', null);
INSERT INTO "RUNIXOA"."WORKFLOW" VALUES ('flow007', '转正管理', null);
INSERT INTO "RUNIXOA"."WORKFLOW" VALUES ('flow006', '招聘管理', null);
INSERT INTO "RUNIXOA"."WORKFLOW" VALUES ('flow012', '报销管理', null);
INSERT INTO "RUNIXOA"."WORKFLOW" VALUES ('flow013', '外出管理', null);

-- ----------------------------
-- Table structure for "RUNIXOA"."WORKFLOW_NODE"
-- ----------------------------
DROP TABLE "RUNIXOA"."WORKFLOW_NODE";
CREATE TABLE "RUNIXOA"."WORKFLOW_NODE" (
"WN_ID" VARCHAR2(50 BYTE) NOT NULL ,
"WORKFLOW_ID" VARCHAR2(50 BYTE) NULL ,
"FLOWNODE_ID" VARCHAR2(50 BYTE) NULL 
)
LOGGING
NOCOMPRESS
NOCACHE

;

-- ----------------------------
-- Records of WORKFLOW_NODE
-- ----------------------------
INSERT INTO "RUNIXOA"."WORKFLOW_NODE" VALUES ('13506', 'flow012', '13505');
INSERT INTO "RUNIXOA"."WORKFLOW_NODE" VALUES ('14252', 'flow004', '13505');
INSERT INTO "RUNIXOA"."WORKFLOW_NODE" VALUES ('14954', 'flow011', '14952');
INSERT INTO "RUNIXOA"."WORKFLOW_NODE" VALUES ('13353', 'flow006', '13352');
INSERT INTO "RUNIXOA"."WORKFLOW_NODE" VALUES ('14953', 'flow011', '14951');
INSERT INTO "RUNIXOA"."WORKFLOW_NODE" VALUES ('13955', 'flow005', '13954');
INSERT INTO "RUNIXOA"."WORKFLOW_NODE" VALUES ('14851', 'flow007', '13758');

-- ----------------------------
-- Table structure for "RUNIXOA"."WORKING_CONDITION"
-- ----------------------------
DROP TABLE "RUNIXOA"."WORKING_CONDITION";
CREATE TABLE "RUNIXOA"."WORKING_CONDITION" (
"CONDITION_ID" VARCHAR2(50 BYTE) NOT NULL ,
"WORKFLOW_ID" VARCHAR2(50 BYTE) NULL ,
"NAME" VARCHAR2(50 BYTE) NULL ,
"DEPT" VARCHAR2(50 BYTE) NULL ,
"STARTTIME" DATE NULL ,
"ENDTIME" DATE NULL ,
"DESTINATION" VARCHAR2(100 BYTE) NULL ,
"TITLE" VARCHAR2(100 BYTE) NULL ,
"REGISTDATE" DATE NULL ,
"STATUS" VARCHAR2(2 BYTE) NULL ,
"COMMITSTATUS" VARCHAR2(2 BYTE) NULL ,
"OTHERPEOPLE" VARCHAR2(100 BYTE) NULL ,
"BIZTRIPLIMIT" VARCHAR2(50 BYTE) NULL ,
"EXPENSE" VARCHAR2(50 BYTE) NULL ,
"TRAFFIC" VARCHAR2(50 BYTE) NULL ,
"FLAG" VARCHAR2(2 BYTE) NULL ,
"CONTENT" VARCHAR2(2000 BYTE) NULL ,
"CHECKSTATUS" VARCHAR2(2 BYTE) NULL ,
"OPINION" VARCHAR2(2000 BYTE) NULL ,
"CONDITIONTYPE" VARCHAR2(50 BYTE) NULL ,
"VACATIONTYPE" VARCHAR2(50 BYTE) NULL 
)
LOGGING
NOCOMPRESS
NOCACHE

;

-- ----------------------------
-- Records of WORKING_CONDITION
-- ----------------------------
INSERT INTO "RUNIXOA"."WORKING_CONDITION" VALUES ('14956', 'BIZTRIP', '13113', '3453', TO_DATE('2015-01-20 00:00:00', 'YYYY-MM-DD HH24:MI:SS'), null, '南京', '1', TO_DATE('2015-01-19 10:05:29', 'YYYY-MM-DD HH24:MI:SS'), '0', null, '孟理', '3', null, '14955', null, '2222222222222222222', '3', null, 'biztrip', null);
INSERT INTO "RUNIXOA"."WORKING_CONDITION" VALUES ('14957', 'BIZTRIP', '13113', '3453', TO_DATE('2015-01-21 00:00:00', 'YYYY-MM-DD HH24:MI:SS'), null, '222', '2222', TO_DATE('2015-01-19 10:06:16', 'YYYY-MM-DD HH24:MI:SS'), '0', null, '孟理', '21', null, '14955', null, '222222', '3', null, 'biztrip', null);

-- ----------------------------
-- Sequence structure for "RUNIXOA"."SMM"
-- ----------------------------
DROP SEQUENCE "RUNIXOA"."SMM";
CREATE SEQUENCE "RUNIXOA"."SMM"
 INCREMENT BY 1
 MINVALUE 1
 MAXVALUE 99999999999
 START WITH 15051
 CACHE 50;

-- ----------------------------
-- Indexes structure for table ADDRESSBOOK
-- ----------------------------

-- ----------------------------
-- Checks structure for table "RUNIXOA"."ADDRESSBOOK"
-- ----------------------------
ALTER TABLE "RUNIXOA"."ADDRESSBOOK" ADD CHECK ("ADDRBOOK_ID" IS NOT NULL);

-- ----------------------------
-- Primary Key structure for table "RUNIXOA"."ADDRESSBOOK"
-- ----------------------------
ALTER TABLE "RUNIXOA"."ADDRESSBOOK" ADD PRIMARY KEY ("ADDRBOOK_ID");

-- ----------------------------
-- Indexes structure for table ANSWER
-- ----------------------------

-- ----------------------------
-- Checks structure for table "RUNIXOA"."ANSWER"
-- ----------------------------
ALTER TABLE "RUNIXOA"."ANSWER" ADD CHECK ("ANSWER_ID" IS NOT NULL);

-- ----------------------------
-- Primary Key structure for table "RUNIXOA"."ANSWER"
-- ----------------------------
ALTER TABLE "RUNIXOA"."ANSWER" ADD PRIMARY KEY ("ANSWER_ID");

-- ----------------------------
-- Indexes structure for table APPLY
-- ----------------------------

-- ----------------------------
-- Checks structure for table "RUNIXOA"."APPLY"
-- ----------------------------
ALTER TABLE "RUNIXOA"."APPLY" ADD CHECK ("APPLICATION_ID" IS NOT NULL);

-- ----------------------------
-- Primary Key structure for table "RUNIXOA"."APPLY"
-- ----------------------------
ALTER TABLE "RUNIXOA"."APPLY" ADD PRIMARY KEY ("APPLICATION_ID");

-- ----------------------------
-- Indexes structure for table ARCHIVE
-- ----------------------------

-- ----------------------------
-- Checks structure for table "RUNIXOA"."ARCHIVE"
-- ----------------------------
ALTER TABLE "RUNIXOA"."ARCHIVE" ADD CHECK ("ARCHIVE_ID" IS NOT NULL);

-- ----------------------------
-- Primary Key structure for table "RUNIXOA"."ARCHIVE"
-- ----------------------------
ALTER TABLE "RUNIXOA"."ARCHIVE" ADD PRIMARY KEY ("ARCHIVE_ID");

-- ----------------------------
-- Indexes structure for table ATTENDANCE
-- ----------------------------

-- ----------------------------
-- Checks structure for table "RUNIXOA"."ATTENDANCE"
-- ----------------------------
ALTER TABLE "RUNIXOA"."ATTENDANCE" ADD CHECK ("ATTEND_ID" IS NOT NULL);

-- ----------------------------
-- Primary Key structure for table "RUNIXOA"."ATTENDANCE"
-- ----------------------------
ALTER TABLE "RUNIXOA"."ATTENDANCE" ADD PRIMARY KEY ("ATTEND_ID");

-- ----------------------------
-- Indexes structure for table BASE_DATA
-- ----------------------------

-- ----------------------------
-- Checks structure for table "RUNIXOA"."BASE_DATA"
-- ----------------------------
ALTER TABLE "RUNIXOA"."BASE_DATA" ADD CHECK ("DATA_ID" IS NOT NULL);

-- ----------------------------
-- Primary Key structure for table "RUNIXOA"."BASE_DATA"
-- ----------------------------
ALTER TABLE "RUNIXOA"."BASE_DATA" ADD PRIMARY KEY ("DATA_ID");

-- ----------------------------
-- Indexes structure for table BASE_USER
-- ----------------------------

-- ----------------------------
-- Checks structure for table "RUNIXOA"."BASE_USER"
-- ----------------------------
ALTER TABLE "RUNIXOA"."BASE_USER" ADD CHECK ("USER_ID" IS NOT NULL);

-- ----------------------------
-- Primary Key structure for table "RUNIXOA"."BASE_USER"
-- ----------------------------
ALTER TABLE "RUNIXOA"."BASE_USER" ADD PRIMARY KEY ("USER_ID");

-- ----------------------------
-- Indexes structure for table CAR
-- ----------------------------

-- ----------------------------
-- Checks structure for table "RUNIXOA"."CAR"
-- ----------------------------
ALTER TABLE "RUNIXOA"."CAR" ADD CHECK ("CAR_ID" IS NOT NULL);

-- ----------------------------
-- Primary Key structure for table "RUNIXOA"."CAR"
-- ----------------------------
ALTER TABLE "RUNIXOA"."CAR" ADD PRIMARY KEY ("CAR_ID");

-- ----------------------------
-- Indexes structure for table CONTRACT
-- ----------------------------

-- ----------------------------
-- Checks structure for table "RUNIXOA"."CONTRACT"
-- ----------------------------
ALTER TABLE "RUNIXOA"."CONTRACT" ADD CHECK ("CONTRACT_ID" IS NOT NULL);

-- ----------------------------
-- Primary Key structure for table "RUNIXOA"."CONTRACT"
-- ----------------------------
ALTER TABLE "RUNIXOA"."CONTRACT" ADD PRIMARY KEY ("CONTRACT_ID");

-- ----------------------------
-- Indexes structure for table DEPT
-- ----------------------------

-- ----------------------------
-- Checks structure for table "RUNIXOA"."DEPT"
-- ----------------------------
ALTER TABLE "RUNIXOA"."DEPT" ADD CHECK ("DEPT_ID" IS NOT NULL);

-- ----------------------------
-- Primary Key structure for table "RUNIXOA"."DEPT"
-- ----------------------------
ALTER TABLE "RUNIXOA"."DEPT" ADD PRIMARY KEY ("DEPT_ID");

-- ----------------------------
-- Indexes structure for table DOSSIER
-- ----------------------------

-- ----------------------------
-- Checks structure for table "RUNIXOA"."DOSSIER"
-- ----------------------------
ALTER TABLE "RUNIXOA"."DOSSIER" ADD CHECK ("DOSSIER_ID" IS NOT NULL);

-- ----------------------------
-- Primary Key structure for table "RUNIXOA"."DOSSIER"
-- ----------------------------
ALTER TABLE "RUNIXOA"."DOSSIER" ADD PRIMARY KEY ("DOSSIER_ID");

-- ----------------------------
-- Indexes structure for table DUTY_MESSAGE
-- ----------------------------

-- ----------------------------
-- Checks structure for table "RUNIXOA"."DUTY_MESSAGE"
-- ----------------------------
ALTER TABLE "RUNIXOA"."DUTY_MESSAGE" ADD CHECK ("DUTY_ID" IS NOT NULL);

-- ----------------------------
-- Primary Key structure for table "RUNIXOA"."DUTY_MESSAGE"
-- ----------------------------
ALTER TABLE "RUNIXOA"."DUTY_MESSAGE" ADD PRIMARY KEY ("DUTY_ID");

-- ----------------------------
-- Indexes structure for table EMAIL
-- ----------------------------

-- ----------------------------
-- Checks structure for table "RUNIXOA"."EMAIL"
-- ----------------------------
ALTER TABLE "RUNIXOA"."EMAIL" ADD CHECK ("EMAIL_ID" IS NOT NULL);

-- ----------------------------
-- Primary Key structure for table "RUNIXOA"."EMAIL"
-- ----------------------------
ALTER TABLE "RUNIXOA"."EMAIL" ADD PRIMARY KEY ("EMAIL_ID");

-- ----------------------------
-- Indexes structure for table EQUIPMENT
-- ----------------------------

-- ----------------------------
-- Checks structure for table "RUNIXOA"."EQUIPMENT"
-- ----------------------------
ALTER TABLE "RUNIXOA"."EQUIPMENT" ADD CHECK ("EQUIPMENT_ID" IS NOT NULL);

-- ----------------------------
-- Primary Key structure for table "RUNIXOA"."EQUIPMENT"
-- ----------------------------
ALTER TABLE "RUNIXOA"."EQUIPMENT" ADD PRIMARY KEY ("EQUIPMENT_ID");

-- ----------------------------
-- Indexes structure for table FLOW_NODE
-- ----------------------------

-- ----------------------------
-- Checks structure for table "RUNIXOA"."FLOW_NODE"
-- ----------------------------
ALTER TABLE "RUNIXOA"."FLOW_NODE" ADD CHECK ("FLOWNODE_ID" IS NOT NULL);

-- ----------------------------
-- Primary Key structure for table "RUNIXOA"."FLOW_NODE"
-- ----------------------------
ALTER TABLE "RUNIXOA"."FLOW_NODE" ADD PRIMARY KEY ("FLOWNODE_ID");

-- ----------------------------
-- Indexes structure for table FLOW_PEOPLE
-- ----------------------------

-- ----------------------------
-- Checks structure for table "RUNIXOA"."FLOW_PEOPLE"
-- ----------------------------
ALTER TABLE "RUNIXOA"."FLOW_PEOPLE" ADD CHECK ("FP_ID" IS NOT NULL);

-- ----------------------------
-- Primary Key structure for table "RUNIXOA"."FLOW_PEOPLE"
-- ----------------------------
ALTER TABLE "RUNIXOA"."FLOW_PEOPLE" ADD PRIMARY KEY ("FP_ID");

-- ----------------------------
-- Indexes structure for table FOLDER
-- ----------------------------

-- ----------------------------
-- Checks structure for table "RUNIXOA"."FOLDER"
-- ----------------------------
ALTER TABLE "RUNIXOA"."FOLDER" ADD CHECK ("FOLDER_ID" IS NOT NULL);

-- ----------------------------
-- Primary Key structure for table "RUNIXOA"."FOLDER"
-- ----------------------------
ALTER TABLE "RUNIXOA"."FOLDER" ADD PRIMARY KEY ("FOLDER_ID");

-- ----------------------------
-- Indexes structure for table MATTER
-- ----------------------------

-- ----------------------------
-- Checks structure for table "RUNIXOA"."MATTER"
-- ----------------------------
ALTER TABLE "RUNIXOA"."MATTER" ADD CHECK ("MATTER_ID" IS NOT NULL);

-- ----------------------------
-- Primary Key structure for table "RUNIXOA"."MATTER"
-- ----------------------------
ALTER TABLE "RUNIXOA"."MATTER" ADD PRIMARY KEY ("MATTER_ID");

-- ----------------------------
-- Indexes structure for table MEETING_ROOM
-- ----------------------------

-- ----------------------------
-- Checks structure for table "RUNIXOA"."MEETING_ROOM"
-- ----------------------------
ALTER TABLE "RUNIXOA"."MEETING_ROOM" ADD CHECK ("ROOM_ID" IS NOT NULL);

-- ----------------------------
-- Primary Key structure for table "RUNIXOA"."MEETING_ROOM"
-- ----------------------------
ALTER TABLE "RUNIXOA"."MEETING_ROOM" ADD PRIMARY KEY ("ROOM_ID");

-- ----------------------------
-- Indexes structure for table MEMO
-- ----------------------------

-- ----------------------------
-- Checks structure for table "RUNIXOA"."MEMO"
-- ----------------------------
ALTER TABLE "RUNIXOA"."MEMO" ADD CHECK ("MEMO_ID" IS NOT NULL);

-- ----------------------------
-- Primary Key structure for table "RUNIXOA"."MEMO"
-- ----------------------------
ALTER TABLE "RUNIXOA"."MEMO" ADD PRIMARY KEY ("MEMO_ID");

-- ----------------------------
-- Indexes structure for table MESSAGE_CENTER
-- ----------------------------

-- ----------------------------
-- Checks structure for table "RUNIXOA"."MESSAGE_CENTER"
-- ----------------------------
ALTER TABLE "RUNIXOA"."MESSAGE_CENTER" ADD CHECK ("MESSAGE_ID" IS NOT NULL);

-- ----------------------------
-- Primary Key structure for table "RUNIXOA"."MESSAGE_CENTER"
-- ----------------------------
ALTER TABLE "RUNIXOA"."MESSAGE_CENTER" ADD PRIMARY KEY ("MESSAGE_ID");

-- ----------------------------
-- Indexes structure for table NETDISK
-- ----------------------------

-- ----------------------------
-- Checks structure for table "RUNIXOA"."NETDISK"
-- ----------------------------
ALTER TABLE "RUNIXOA"."NETDISK" ADD CHECK ("FILE_ID" IS NOT NULL);

-- ----------------------------
-- Primary Key structure for table "RUNIXOA"."NETDISK"
-- ----------------------------
ALTER TABLE "RUNIXOA"."NETDISK" ADD PRIMARY KEY ("FILE_ID");

-- ----------------------------
-- Indexes structure for table NETMEETING
-- ----------------------------

-- ----------------------------
-- Checks structure for table "RUNIXOA"."NETMEETING"
-- ----------------------------
ALTER TABLE "RUNIXOA"."NETMEETING" ADD CHECK ("NETMEETING_ID" IS NOT NULL);

-- ----------------------------
-- Primary Key structure for table "RUNIXOA"."NETMEETING"
-- ----------------------------
ALTER TABLE "RUNIXOA"."NETMEETING" ADD PRIMARY KEY ("NETMEETING_ID");

-- ----------------------------
-- Indexes structure for table OFFICIAL_DOCUMENT
-- ----------------------------

-- ----------------------------
-- Checks structure for table "RUNIXOA"."OFFICIAL_DOCUMENT"
-- ----------------------------
ALTER TABLE "RUNIXOA"."OFFICIAL_DOCUMENT" ADD CHECK ("DOCUMENT_ID" IS NOT NULL);

-- ----------------------------
-- Primary Key structure for table "RUNIXOA"."OFFICIAL_DOCUMENT"
-- ----------------------------
ALTER TABLE "RUNIXOA"."OFFICIAL_DOCUMENT" ADD PRIMARY KEY ("DOCUMENT_ID");

-- ----------------------------
-- Indexes structure for table PERMISSION
-- ----------------------------

-- ----------------------------
-- Checks structure for table "RUNIXOA"."PERMISSION"
-- ----------------------------
ALTER TABLE "RUNIXOA"."PERMISSION" ADD CHECK ("PERMISSION_ID" IS NOT NULL);

-- ----------------------------
-- Primary Key structure for table "RUNIXOA"."PERMISSION"
-- ----------------------------
ALTER TABLE "RUNIXOA"."PERMISSION" ADD PRIMARY KEY ("PERMISSION_ID");

-- ----------------------------
-- Indexes structure for table PERSONNEL
-- ----------------------------

-- ----------------------------
-- Checks structure for table "RUNIXOA"."PERSONNEL"
-- ----------------------------
ALTER TABLE "RUNIXOA"."PERSONNEL" ADD CHECK ("PERSONNEL_ID" IS NOT NULL);

-- ----------------------------
-- Primary Key structure for table "RUNIXOA"."PERSONNEL"
-- ----------------------------
ALTER TABLE "RUNIXOA"."PERSONNEL" ADD PRIMARY KEY ("PERSONNEL_ID");

-- ----------------------------
-- Indexes structure for table POSITION
-- ----------------------------

-- ----------------------------
-- Checks structure for table "RUNIXOA"."POSITION"
-- ----------------------------
ALTER TABLE "RUNIXOA"."POSITION" ADD CHECK ("POSITION_ID" IS NOT NULL);

-- ----------------------------
-- Primary Key structure for table "RUNIXOA"."POSITION"
-- ----------------------------
ALTER TABLE "RUNIXOA"."POSITION" ADD PRIMARY KEY ("POSITION_ID");

-- ----------------------------
-- Indexes structure for table POSITION_PERMISSION
-- ----------------------------

-- ----------------------------
-- Checks structure for table "RUNIXOA"."POSITION_PERMISSION"
-- ----------------------------
ALTER TABLE "RUNIXOA"."POSITION_PERMISSION" ADD CHECK ("PP_ID" IS NOT NULL);

-- ----------------------------
-- Primary Key structure for table "RUNIXOA"."POSITION_PERMISSION"
-- ----------------------------
ALTER TABLE "RUNIXOA"."POSITION_PERMISSION" ADD PRIMARY KEY ("PP_ID");

-- ----------------------------
-- Indexes structure for table RECRUITMENT
-- ----------------------------

-- ----------------------------
-- Checks structure for table "RUNIXOA"."RECRUITMENT"
-- ----------------------------
ALTER TABLE "RUNIXOA"."RECRUITMENT" ADD CHECK ("RECRUITMENT_ID" IS NOT NULL);

-- ----------------------------
-- Primary Key structure for table "RUNIXOA"."RECRUITMENT"
-- ----------------------------
ALTER TABLE "RUNIXOA"."RECRUITMENT" ADD PRIMARY KEY ("RECRUITMENT_ID");

-- ----------------------------
-- Indexes structure for table REIMBURSEMENT
-- ----------------------------

-- ----------------------------
-- Checks structure for table "RUNIXOA"."REIMBURSEMENT"
-- ----------------------------
ALTER TABLE "RUNIXOA"."REIMBURSEMENT" ADD CHECK ("REIM_ID" IS NOT NULL);

-- ----------------------------
-- Primary Key structure for table "RUNIXOA"."REIMBURSEMENT"
-- ----------------------------
ALTER TABLE "RUNIXOA"."REIMBURSEMENT" ADD PRIMARY KEY ("REIM_ID");

-- ----------------------------
-- Indexes structure for table REIMBURSEMENT_ITEM
-- ----------------------------

-- ----------------------------
-- Checks structure for table "RUNIXOA"."REIMBURSEMENT_ITEM"
-- ----------------------------
ALTER TABLE "RUNIXOA"."REIMBURSEMENT_ITEM" ADD CHECK ("ITEM_ID" IS NOT NULL);

-- ----------------------------
-- Primary Key structure for table "RUNIXOA"."REIMBURSEMENT_ITEM"
-- ----------------------------
ALTER TABLE "RUNIXOA"."REIMBURSEMENT_ITEM" ADD PRIMARY KEY ("ITEM_ID");

-- ----------------------------
-- Indexes structure for table RESUME
-- ----------------------------

-- ----------------------------
-- Checks structure for table "RUNIXOA"."RESUME"
-- ----------------------------
ALTER TABLE "RUNIXOA"."RESUME" ADD CHECK ("RESUME_ID" IS NOT NULL);

-- ----------------------------
-- Primary Key structure for table "RUNIXOA"."RESUME"
-- ----------------------------
ALTER TABLE "RUNIXOA"."RESUME" ADD PRIMARY KEY ("RESUME_ID");

-- ----------------------------
-- Indexes structure for table SCHEDULE
-- ----------------------------

-- ----------------------------
-- Checks structure for table "RUNIXOA"."SCHEDULE"
-- ----------------------------
ALTER TABLE "RUNIXOA"."SCHEDULE" ADD CHECK ("SCHEDULE_ID" IS NOT NULL);

-- ----------------------------
-- Primary Key structure for table "RUNIXOA"."SCHEDULE"
-- ----------------------------
ALTER TABLE "RUNIXOA"."SCHEDULE" ADD PRIMARY KEY ("SCHEDULE_ID");

-- ----------------------------
-- Indexes structure for table SET_ATTEND
-- ----------------------------

-- ----------------------------
-- Checks structure for table "RUNIXOA"."SET_ATTEND"
-- ----------------------------
ALTER TABLE "RUNIXOA"."SET_ATTEND" ADD CHECK ("SETATTEND_ID" IS NOT NULL);

-- ----------------------------
-- Primary Key structure for table "RUNIXOA"."SET_ATTEND"
-- ----------------------------
ALTER TABLE "RUNIXOA"."SET_ATTEND" ADD PRIMARY KEY ("SETATTEND_ID");

-- ----------------------------
-- Indexes structure for table SUGGESTION
-- ----------------------------

-- ----------------------------
-- Checks structure for table "RUNIXOA"."SUGGESTION"
-- ----------------------------
ALTER TABLE "RUNIXOA"."SUGGESTION" ADD CHECK ("SUGGESTION_ID" IS NOT NULL);

-- ----------------------------
-- Primary Key structure for table "RUNIXOA"."SUGGESTION"
-- ----------------------------
ALTER TABLE "RUNIXOA"."SUGGESTION" ADD PRIMARY KEY ("SUGGESTION_ID");

-- ----------------------------
-- Indexes structure for table SURVEY
-- ----------------------------

-- ----------------------------
-- Checks structure for table "RUNIXOA"."SURVEY"
-- ----------------------------
ALTER TABLE "RUNIXOA"."SURVEY" ADD CHECK ("SURVEY_ID" IS NOT NULL);

-- ----------------------------
-- Primary Key structure for table "RUNIXOA"."SURVEY"
-- ----------------------------
ALTER TABLE "RUNIXOA"."SURVEY" ADD PRIMARY KEY ("SURVEY_ID");

-- ----------------------------
-- Indexes structure for table TASK
-- ----------------------------

-- ----------------------------
-- Checks structure for table "RUNIXOA"."TASK"
-- ----------------------------
ALTER TABLE "RUNIXOA"."TASK" ADD CHECK ("TASK_ID" IS NOT NULL);

-- ----------------------------
-- Primary Key structure for table "RUNIXOA"."TASK"
-- ----------------------------
ALTER TABLE "RUNIXOA"."TASK" ADD PRIMARY KEY ("TASK_ID");

-- ----------------------------
-- Indexes structure for table USER_MESSAGE
-- ----------------------------

-- ----------------------------
-- Checks structure for table "RUNIXOA"."USER_MESSAGE"
-- ----------------------------
ALTER TABLE "RUNIXOA"."USER_MESSAGE" ADD CHECK ("UM_ID" IS NOT NULL);

-- ----------------------------
-- Primary Key structure for table "RUNIXOA"."USER_MESSAGE"
-- ----------------------------
ALTER TABLE "RUNIXOA"."USER_MESSAGE" ADD PRIMARY KEY ("UM_ID");

-- ----------------------------
-- Indexes structure for table USING_EQUIP
-- ----------------------------

-- ----------------------------
-- Checks structure for table "RUNIXOA"."USING_EQUIP"
-- ----------------------------
ALTER TABLE "RUNIXOA"."USING_EQUIP" ADD CHECK ("USINGEQUIP_ID" IS NOT NULL);

-- ----------------------------
-- Primary Key structure for table "RUNIXOA"."USING_EQUIP"
-- ----------------------------
ALTER TABLE "RUNIXOA"."USING_EQUIP" ADD PRIMARY KEY ("USINGEQUIP_ID");

-- ----------------------------
-- Indexes structure for table USINGCAR
-- ----------------------------

-- ----------------------------
-- Checks structure for table "RUNIXOA"."USINGCAR"
-- ----------------------------
ALTER TABLE "RUNIXOA"."USINGCAR" ADD CHECK ("USINGCAR_ID" IS NOT NULL);

-- ----------------------------
-- Primary Key structure for table "RUNIXOA"."USINGCAR"
-- ----------------------------
ALTER TABLE "RUNIXOA"."USINGCAR" ADD PRIMARY KEY ("USINGCAR_ID");

-- ----------------------------
-- Indexes structure for table WORKFLOW
-- ----------------------------

-- ----------------------------
-- Checks structure for table "RUNIXOA"."WORKFLOW"
-- ----------------------------
ALTER TABLE "RUNIXOA"."WORKFLOW" ADD CHECK ("WORKFLOW_ID" IS NOT NULL);

-- ----------------------------
-- Primary Key structure for table "RUNIXOA"."WORKFLOW"
-- ----------------------------
ALTER TABLE "RUNIXOA"."WORKFLOW" ADD PRIMARY KEY ("WORKFLOW_ID");

-- ----------------------------
-- Indexes structure for table WORKFLOW_NODE
-- ----------------------------

-- ----------------------------
-- Checks structure for table "RUNIXOA"."WORKFLOW_NODE"
-- ----------------------------
ALTER TABLE "RUNIXOA"."WORKFLOW_NODE" ADD CHECK ("WN_ID" IS NOT NULL);

-- ----------------------------
-- Primary Key structure for table "RUNIXOA"."WORKFLOW_NODE"
-- ----------------------------
ALTER TABLE "RUNIXOA"."WORKFLOW_NODE" ADD PRIMARY KEY ("WN_ID");

-- ----------------------------
-- Indexes structure for table WORKING_CONDITION
-- ----------------------------

-- ----------------------------
-- Checks structure for table "RUNIXOA"."WORKING_CONDITION"
-- ----------------------------
ALTER TABLE "RUNIXOA"."WORKING_CONDITION" ADD CHECK ("CONDITION_ID" IS NOT NULL);

-- ----------------------------
-- Primary Key structure for table "RUNIXOA"."WORKING_CONDITION"
-- ----------------------------
ALTER TABLE "RUNIXOA"."WORKING_CONDITION" ADD PRIMARY KEY ("CONDITION_ID");

-- ----------------------------
-- Foreign Key structure for table "RUNIXOA"."ANSWER"
-- ----------------------------
ALTER TABLE "RUNIXOA"."ANSWER" ADD FOREIGN KEY ("SURVEY_ID") REFERENCES "RUNIXOA"."SURVEY" ("SURVEY_ID");

-- ----------------------------
-- Foreign Key structure for table "RUNIXOA"."ARCHIVE"
-- ----------------------------
ALTER TABLE "RUNIXOA"."ARCHIVE" ADD FOREIGN KEY ("DOSSIER_ID") REFERENCES "RUNIXOA"."DOSSIER" ("DOSSIER_ID");

-- ----------------------------
-- Foreign Key structure for table "RUNIXOA"."BASE_USER"
-- ----------------------------
ALTER TABLE "RUNIXOA"."BASE_USER" ADD FOREIGN KEY ("DEPT_ID") REFERENCES "RUNIXOA"."DEPT" ("DEPT_ID");

-- ----------------------------
-- Foreign Key structure for table "RUNIXOA"."MEETING_ROOM"
-- ----------------------------
ALTER TABLE "RUNIXOA"."MEETING_ROOM" ADD FOREIGN KEY ("NETMEETING_ID") REFERENCES "RUNIXOA"."NETMEETING" ("NETMEETING_ID");

-- ----------------------------
-- Foreign Key structure for table "RUNIXOA"."NETDISK"
-- ----------------------------
ALTER TABLE "RUNIXOA"."NETDISK" ADD FOREIGN KEY ("FOLDER_ID") REFERENCES "RUNIXOA"."FOLDER" ("FOLDER_ID");

-- ----------------------------
-- Foreign Key structure for table "RUNIXOA"."POSITION_PERMISSION"
-- ----------------------------
ALTER TABLE "RUNIXOA"."POSITION_PERMISSION" ADD FOREIGN KEY ("PERMISSION_ID") REFERENCES "RUNIXOA"."PERMISSION" ("PERMISSION_ID");
ALTER TABLE "RUNIXOA"."POSITION_PERMISSION" ADD FOREIGN KEY ("POSITION_ID") REFERENCES "RUNIXOA"."POSITION" ("POSITION_ID");

-- ----------------------------
-- Foreign Key structure for table "RUNIXOA"."REIMBURSEMENT_ITEM"
-- ----------------------------
ALTER TABLE "RUNIXOA"."REIMBURSEMENT_ITEM" ADD FOREIGN KEY ("REIM_ID") REFERENCES "RUNIXOA"."REIMBURSEMENT" ("REIM_ID");

-- ----------------------------
-- Foreign Key structure for table "RUNIXOA"."RESUME"
-- ----------------------------
ALTER TABLE "RUNIXOA"."RESUME" ADD FOREIGN KEY ("RECRUITMENT_ID") REFERENCES "RUNIXOA"."RECRUITMENT" ("RECRUITMENT_ID");

-- ----------------------------
-- Foreign Key structure for table "RUNIXOA"."USER_MESSAGE"
-- ----------------------------
ALTER TABLE "RUNIXOA"."USER_MESSAGE" ADD FOREIGN KEY ("MESSAGE_ID") REFERENCES "RUNIXOA"."MESSAGE_CENTER" ("MESSAGE_ID");

-- ----------------------------
-- Foreign Key structure for table "RUNIXOA"."USING_EQUIP"
-- ----------------------------
ALTER TABLE "RUNIXOA"."USING_EQUIP" ADD FOREIGN KEY ("EQUIPMENT_ID") REFERENCES "RUNIXOA"."EQUIPMENT" ("EQUIPMENT_ID");

-- ----------------------------
-- Foreign Key structure for table "RUNIXOA"."USINGCAR"
-- ----------------------------
ALTER TABLE "RUNIXOA"."USINGCAR" ADD FOREIGN KEY ("CAR_ID") REFERENCES "RUNIXOA"."CAR" ("CAR_ID");

-- ----------------------------
-- Foreign Key structure for table "RUNIXOA"."WORKFLOW_NODE"
-- ----------------------------
ALTER TABLE "RUNIXOA"."WORKFLOW_NODE" ADD FOREIGN KEY ("FLOWNODE_ID") REFERENCES "RUNIXOA"."FLOW_NODE" ("FLOWNODE_ID");
ALTER TABLE "RUNIXOA"."WORKFLOW_NODE" ADD FOREIGN KEY ("WORKFLOW_ID") REFERENCES "RUNIXOA"."WORKFLOW" ("WORKFLOW_ID");
